commodity_code,111CA,113FF,211,212,213,22,23,321,327,331,332,333,334,335,3361MV,3364OT,337,339,311FT,313TT,315AL,322,323,324,325,326,42,441,445,452,4A0,481,482,483,484,485,486,487OS,493,511,512,513,514,521CI,523,524,525,HS,ORE,532RL,5411,5415,5412OP,55,561,562,61,621,622,623,624,711AS,713,721,722,81,GFGD,GFGN,GFE,GSLG,GSLE
111CA,0.018815578130540897,0.21935483870967742,0,0,0,0,0.024189867640346873,0,0,0,0,0,0,0,0,0,0,0.055555555555555552,0.051324971708789136,0.0021518598217030432,0,0,0,0,0.033760351051029799,0,0.022756005056890013,0.075949367088607597,0.023504273504273504,0.023952095808383235,0.089552238805970144,0,0,0,0,0,0,0.25,0,0,0,0,0,0,0,0,0,0,0,0,0,0,0.098418277680140595,0,0.058397932816537469,0,0.36046511627906974,0,0,0,0,0,0.27750000000000002,0.23529411764705882,0.8379194630872483,0.125,0.35294117647058826,0.2107843137254902,0,0.12630998345284059,0
113FF,0.0068700192360538611,0.0010295631710545668,0,0.012500000000000001,0,0,0,0.0090700344431687719,0,0,0,0,0,0,0,0,1.0909090909090908,1.0779220779220779,2.3445501097293344,0,0.21052631578947367,0.0089812676417757257,1.0714285714285714,0,1.076086956521739,1.0860759493670886,0,0,2.6424242424242426,0,0,0,0,0,0,0,0,0,0,0,0,0,0,0,0,0,0,0,0,0,0,0,0.081818181818181818,0,1,0,1.8333333333333333,0,0,0,0,0,2.6176470588235294,2.6615384615384614,2.6489051094890512,2.736842105263158,0,0,3,0.18265682656826568,0
211,0,0,0.12622005323868679,0,1,0.072428425108520711,0,1,0,0,0,0,0,0,0,0,0,0,1,0,0,0,0,0.64411630036630041,0.066509015666568139,0,0,0,0,0,1,0,0,0,0,0,0.2857142857142857,0,0.7407407407407407,0.74358974358974361,0,1,0.80000000000000004,0,0,0,0,0,0.80000000000000004,0,0,0,1,0,0,0,0.77611940298507465,1,0,0,0,0,0.80000000000000004,0,0,1,0,0,0.072800808897876643,0,0.072420928170263077
212,0.04372722540343571,0,0.018867924528301886,0.011852394916911046,0.027210884353741496,0.011482070305599718,0.023043065504444637,0,0.056692773228907083,0.093240383418399103,0.0412621359223301,0.14285714285714285,0.5,0.54716981132075471,0.39583333333333331,0.083333333333333329,0,0.33823529411764708,0.15662650602409639,0,0,0.014442916093535076,0,0.026527135556096374,0.20197486535008977,0.013513513513513514,0.2857142857142857,0,0,0,1,0,0.008771929824561403,0,0,0,0,0,0,0,0,0.0038610038610038611,0.0027777777777777779,0,0,0,0,0,0,0,0,0,0.10386029411764706,0.029411764705882353,0.0030832476875642342,0,0.0018867924528301887,0,0,0,0.037634408602150539,0.0029498525073746312,0.0029411764705882353,0,0.0097493036211699167,0.002936857562408223,0,0.017127286882055275,0,0.37303252885624344,0.010539629005059023
213,0,0,0.015533028122956181,0.024316109422492401,0.017304667016255899,0,0,0,0,0,0,0,0,0,0,0,0,0,0,0,0,0,0,0,0,0,0,0,0,0,0,0,0,0,0,0,0,0,0,0,0,0,0,0,0,0,0,0,0,0,0,0,0.055555555555555552,0,0,0,0,0,0,0,0,0,0,0,0,0,0,0,0,0,0
22,0.0019092250282044605,0,0.0026159748866410883,0.003939592908732764,0.0050632911392405064,0.0024973487051418016,0.0052869446576276971,0.0036157024793388431,0.0031612223393045311,0.0035858359480053789,0.0032894736842105261,0.0036960985626283368,0.0038240917782026767,0.0037453183520599251,0.0033875338753387536,0.0033424491036159222,0.0032154340836012861,0.0047003525264394828,0.0029710070689478538,0.0048780487804878049,0,0.0030528525090631558,0.0033869602032176121,0.0026901004304160691,0.0027881040892193307,0.0035225859925404062,0.0045372704357220022,0.004425809457255998,0.0046921921921921923,0.0047299960583366179,0.004586430491855132,0.0011337868480725624,0,0.008130081300813009,0.0039941139373554759,0.0031645569620253164,0.0028632784538296348,0.0064377682403433476,0.004329004329004329,0.0051072522982635342,0.004608294930875576,0.0044688457609805927,0.0035379812695109261,0.0041052885776382518,0.0044444444444444444,0.0037735849056603774,0,0.0029940119760479044,0.0037909558624424585,0.006006006006006006,0.0040927694406548429,0.0046168051708217915,0.0038998050097495125,0.0046303952373077557,0.0050731125037302297,0.0042194092827004216,0.00092400092400092397,0.0041322314049586778,0.0034659642312491333,0.0038067349926793558,0.004178272980501393,0.0037140204271123491,0.0042483660130718951,0.0040173053152039555,0.0043004747277296841,0.0038188043191993678,0.0014680694886224615,0.00091743119266055051,0.0093567251461988306,0.00083385449239107776,0.0018295870360690017
23,0,0,0,0,0,0,0,0,0,0,0,0,0,0,0,0,0,0,0,0,0,0,0,0,0,0,0,0,0,0,0,0,0,0,0,0,0,0,0,0,0,0,0,0,0,0,0,0,0,0,0,0,0,0,0,0,0,0,0,0,0,0,0,0,0,0,0,0,0,0,0
321,0.012698412698412698,0,0,0.0068728522336769758,0.065502183406113537,0,0.1352322968761325,0.18404751493951318,0.013333333333333334,0.002242152466367713,0.19383259911894274,0.23547880690737832,0.0046296296296296294,0,0.14816042426251244,0.17194570135746606,0.26728553137003841,0.25690184049079756,0.08611111111111111,0.59999999999999998,0,0.14725881852953676,1,0,0.072864321608040197,0.14220183486238533,0.0269871700339183,0.034883720930232558,0.024265644955300127,0.041666666666666664,0.034686346863468637,0,0.071774423241241808,0,0.0040816326530612249,0,0.20000000000000001,0.035714285714285712,0.15894039735099338,0.057971014492753624,0.109375,0.084362139917695478,0.1113892365456821,0.24223602484472051,0.22222222222222221,0,0,0.11864406779661017,0.060934758334662623,0.14915254237288136,0.21052631578947367,0.25,0.071428571428571425,0,0.076133447390932418,0.16129032258064516,0.20454545454545456,0.17531305903398928,0.14594594594594595,0.33333333333333331,0.12257281553398058,0.18181818181818182,0.21827411167512689,0.21483771251931993,0.2011173184357542,0.18544600938967137,0.30952380952380953,0.044117647058823532,0.5,0.24210526315789474,0.0678391959798995
327,0,0,0.11183673469387755,0.011928429423459244,0.056109725685785539,0,0.053827983147354874,0.1528735632183908,0.13141753748296228,0.19627411842980705,0.38840349483717235,0.32715551974214341,0.23703703703703705,0.14133900106269925,0.12063702720637028,0.43523316062176165,0.30739299610894943,0.25075075075075076,0.23929712460063898,0.3125,0,0.025252525252525252,0,0.18945563651950278,0.12653898768809849,0.20304568527918782,0.15909090909090909,0.4689655172413793,0.88461538461538458,0.013513513513513514,0.21544715447154472,0,0.13333333333333333,0,0.22727272727272727,0,0,0.22222222222222221,0.64150943396226412,0,0,0.41205802357207616,0.15736607142857142,0.79166666666666663,0.80000000000000004,0.22500000000000001,0,0.0081632653061224497,0,0.14580801944106925,0,0.020242914979757085,0.14000429461026412,0.62962962962962965,0.19470046082949308,0.43495934959349591,0.5535714285714286,0.1343530384456387,0.58167115902964961,0.28799999999999998,0.13776337115072934,0.16666666666666666,0.19148936170212766,0.11428571428571428,0.30506666666666665,0.04168893639764832,0.35087719298245612,0.65415549597855227,0,0.43221574344023322,0.043699491170308288
331,1.1000000000000001,0,0.15043748235958226,0.18471337579617833,0.53631284916201116,0,0.32341190571314421,0.25396825396825395,0.23839496459480725,0.63015567324666988,0.19543143058030971,0.17402980186671033,0.64346190028222017,0.38408215661103978,0.23164486582974864,0.23943661971830985,0.23758561643835616,0.50129937629937626,0.21782729805013928,0.053333333333333337,0,0.2161849710982659,0.33333333333333331,0.6428571428571429,0.51351351351351349,0.17037037037037037,0.25,0.20000000000000001,0,0,2.0289855072463769,0,0.068106312292358806,0,0,0,0,0.059259259259259262,0,0.44444444444444442,0.5,0.12289156626506025,0.44972577696526506,0,0,0,0,0,0.31957671957671957,0.32051282051282054,0,0,0.5617977528089888,0.51515151515151514,0.28199999999999997,0.22522522522522523,0.31874999999999998,0.35897435897435898,0.26923076923076922,0.27272727272727271,0.27797833935018051,0.2857142857142857,0.20819112627986347,0.35714285714285715,0.15151515151515152,0.59753593429158114,0.80132450331125826,0.41923076923076924,0,0.29761904761904762,0.31041666666666667
332,0.46404793608521971,0.32307692307692309,0.28426010331206319,0.12855007473841554,0.11146496815286625,0.40085287846481876,0.11900918949169864,0.1601002865329513,0.060185185185185182,0.058611111111111114,0.091129398697430197,0.13706834303189908,0.088118081180811811,0.068542637132807296,0.15984800506649779,0.10333100802232298,0.13839500240269101,0.090391621129326041,0.13866437374605906,0.10344827586206896,0.055555555555555552,0.13993373611381796,0.045657015590200446,0.067030397505845676,0.16918809884014119,0.10452869931542917,0.10142067876874507,0.18439716312056736,0.23790322580645162,0.13333333333333333,0.47802197802197804,0,0.2723735408560311,0.022547914317925591,0.168944099378882,0.40000000000000002,0.0041249263406010605,0.23102310231023102,0.16610925306577481,0.060606060606060608,0.096153846153846159,0.30275323607972054,0.13747494989979961,0.12422360248447205,0.076923076923076927,0,2.9090909090909092,0.12244897959183673,0.91625615763546797,0.15373059589384075,0.46666666666666667,0.117797695262484,0.15871212121212122,0.2462406015037594,0.30024311183144248,0.15912636505460218,0.27011494252873564,0.11832946635730858,0.11427094105480869,0.14285714285714285,0.30889125044279137,0.21428571428571427,0.42971887550200805,0.27575107296137341,0.27523277467411544,0.22683530382183117,0.35265855221012171,0.14828341855368882,0.30472103004291845,0.34277198211624443,0.12725779967159279
333,1.6464285714285714,1.6666666666666667,0.31120811400693288,0.57494866529774125,0.42631398144967364,3.1107594936708862,0.25101401403832607,0.3539325842696629,0.51041666666666663,0.25917686318131256,0.4115488133104967,0.58223968226558453,1.0349999999999999,0.7978723404255319,0.6758744596036157,0.49569941149841557,0.41860465116279072,0.58823529411764708,0.74423203691496376,0.45000000000000001,0,1.5795148247978437,0.57244897959183672,0.86440677966101698,0.73939588688946012,0.42339696524718551,0.60031720856463122,0.39860139860139859,0.27884615384615385,0.17777777777777778,0.57773512476007682,0,0.12698412698412698,1.3846153846153846,0.56655290102389078,0.70588235294117652,0.36363636363636365,3.5017825311942961,0.24366471734892786,0.45652173913043476,0.030303030303030304,0.24941176470588236,0.04301948051948052,0,0.097560975609756101,2.5859872611464967,0,0.017241379310344827,0.016666666666666666,0.17687747035573123,0.10526315789473684,0.9825095057034221,0.72101673899566021,0.8613445378151261,1.0347826086956522,0.9922106824925816,0.29289940828402367,1.0708661417322836,0.20833333333333334,0.12,0.16157205240174671,0.46666666666666667,0.36686390532544377,0.27659574468085107,0.16666666666666666,0.50027685492801777,0.41847826086956524,0.86187845303867405,1.0588235294117647,0.6931044687777449,1.3910614525139664
334,0.14285714285714285,0,0.86206896551724133,1.5714285714285714,0.30555555555555558,0.2558139534883721,0.52496521873550783,0.52941176470588236,0.40842105263157896,0.36261261261261263,0.51316511245200225,0.45809484873262468,0.52138297479797791,0.3292962356792144,1.2792452830188679,0.43120082107423879,0.41603630862329805,0.29045643153526973,0.67122040072859745,0.37751004016064255,0,0.011811023622047244,0.251,0.73103448275862071,0.41306191687871074,0.3347802495930548,1.0412907510931533,0.99191919191919187,2.2745098039215685,2.8333333333333335,1.7534059945504088,0,0.22448979591836735,0,2.4567901234567899,2,4,2.7222222222222223,2.8250000000000002,0.90329835082458776,0.85106382978723405,1.0633809478762652,1.3847513254228729,1.6340057636887608,2.5820895522388061,0.45614035087719296,2.5638297872340425,0,2.96,0.84552845528455289,1.846774193548387,0.67466543608675589,0.9373458312777504,0.73788864786695585,1.6297435897435897,1.0260047281323876,0.24971231300345226,0.29753656658968436,0.64522058823529416,0.73949579831932777,2.2425531914893617,2.4285714285714284,2.4098360655737703,1.2530120481927711,1.9661016949152543,1.1051073279052555,0.24722923862054746,0.40366350067842605,0,1.0557692307692308,0.57365853658536581
335,2.6066225165562913,1.3333333333333333,0.86111111111111116,2.0833333333333335,2.318840579710145,0.80000000000000004,0.4674530057695887,1.2008368200836821,2.1142857142857143,0.58723958333333337,0.82206035379812692,0.87423063523400302,0.94770318021201416,0.74828818100625183,0.60690476190476195,0.6861397479954181,2.5,0.87789473684210528,2.6899810964083177,2.9090909090909092,0,2.7342657342657342,2.7599999999999998,1.8656716417910448,0.63034482758620691,0.797583081570997,0.04534792806880375,0.7168141592920354,0.63636363636363635,0.62736842105263158,0.93965517241379315,0,0.09375,0,0.32142857142857145,0.47126436781609193,1,0.33333333333333331,0.45081967213114754,0.5,0,1.244263862332696,0.2932551319648094,0.72307692307692306,1.9090909090909092,3.5833333333333335,0,0.071428571428571425,2.2889610389610389,0.13170731707317074,0,0.67288503253796095,0.90336411609498679,0.24324324324324326,0.72501551831160771,1.6011904761904763,0.38961038961038963,0.38461538461538464,0.69444444444444442,2.0483516483516482,0.35983263598326359,1.8571428571428572,0.72928176795580113,0.97454545454545449,0.89393939393939392,0.27407215157020504,0.2455026455026455,0.47501601537475979,3.3076923076923075,0.8132214060860441,0.48045795499407817
3361MV,0.65575396825396826,0.5,0.25060827250608275,0.32571428571428573,0.37910447761194027,0.46153846153846156,0.37082452431289642,0.58286118980169976,0.43002028397565922,0.58743169398907102,0.4249056603773585,0.38657119136571194,0.57064471879286693,0.66136363636363638,0.34295315415814515,0.49389987379049222,0.53072625698324027,0.48739495798319327,0.46793030825196247,0.5,0,0.51391304347826083,0.44827586206896552,0.64640883977900554,0.49377593360995853,0.54748603351955305,0.52214851273271989,0.40722120658135286,0.38208797032326441,0.3728813559322034,0.38124874523188113,0,0.47727272727272729,0,0.36293436293436293,0.33480176211453744,0,0.43478260869565216,0.55035685963521019,0.35294117647058826,0.34246575342465752,0.54178403755868543,0.46633416458852867,0.5,0.47826086956521741,0,0,0,0,0.3815242494226328,0,0.34234234234234234,0.38640932850824289,0.66246851385390426,0.37854889589905361,0.49032258064516127,0.59345794392523366,0.53102189781021902,0.55978623914495662,0.64814814814814814,0.46340257171117705,0.5,0.39344262295081966,0.36792452830188677,0.59314285714285719,0.36355373778686662,0.76631748589846893,0.40287769784172661,0.44131910766246363,0.49455370650529501,0.44472361809045224
3364OT,0,0,0,2,0,0,0.083333333333333329,0,0,0,0,0,0,0,0,0.73515939904727001,0,0,0,0,0,0,0,0,0,0,0,0,0,0,0,0,0.07926829268292683,0,0,0,0,0.48599439775910364,0,0,0,0,0,0,0,0,0,0,0,0,0,0,0,0,0,0,0,0,0,0,0,0,0,0,0,1,0.099864437415273385,1.3412698412698412,0,0,0.14634146341463414
337,0,0,0,0,0,0,0.00058874458874458877,0.21632653061224491,0,0,0,0,0,0,0,0.1111111111111111,1.2335468841001747,0,0,0,0,0,0,0,0,0,1.6238532110091743,0.78205128205128205,0,0,1.5422031473533619,0,0,0,0,0,0,0,0,0,0,0,0,0,0,0,0,0.21300563236047107,0,0,0,0,1.8571428571428572,1.3333333333333333,0,0,0,1.0714285714285714,0.10948905109489052,0,0,0.68523002421307511,0.59268292682926826,0,0,0.3651685393258427,0,0,0.14473684210526316,0,0.76152304609218435
339,0.079365079365079361,0,0.42307692307692307,0.42105263157894735,0.45454545454545453,0,0.15647339158061954,0.16666666666666666,0.061538461538461542,0,0.18840579710144928,0.39572192513368987,0,0.38589211618257263,0.41082474226804122,0.043478260869565216,0,0.18668228861550479,0,0.14285714285714285,0.30555555555555558,0,0.25,0,0.36454849498327757,0.059574468085106386,0.19783197831978319,0.62559241706161139,0.41237113402061853,0,0.50208044382801664,0,0,0,0.42857142857142855,0.23076923076923078,0,0.19791666666666666,0.38655462184873951,0.5,0.33333333333333331,0.22727272727272727,0.25252525252525254,0.29411764705882354,0.26923076923076922,0.53846153846153844,0,0,0.56910569105691056,0.32758620689655171,0.47619047619047616,0.23809523809523808,0.52527905449770196,0.22222222222222221,0.39258950874271442,0.040449438202247189,0.60109289617486339,0.20053680981595093,0.37296245235585113,0.68617021276595747,0.39636663914120562,0.29729729729729731,0.37588652482269502,0.33333333333333331,1.0689655172413792,0.12614155251141554,0.33226679793256214,0.90810810810810816,0,0.68265162200282092,0.052631578947368418
311FT,0.020983559273146813,0,0,0,0,0,0,0,0.25465838509316768,0,0,0,0,0,0,0,0,0.20000000000000001,0.09525466509475608,0,0.0099502487562189053,0.21951219512195122,0.0055401662049861496,0.21220930232558138,0.28936955948298604,0.25139664804469275,0.019689119170984457,0,0.073272273105745217,0.056578947368421055,0.029192124915139173,0.27397260273972601,0,0.081521739130434784,0.30769230769230771,0,0,0,0,0.19354838709677419,0,0,0.25438596491228072,0,0,0,0,0,0,0,0,0,0.039449541284403672,0.018181818181818181,0,0,0.078455484505656661,0.25,0.087083010085337476,0.068092937658155051,0.04979891175774781,0.018518518518518517,0.069985569985569984,0.076742134666274622,0.086797716455040905,0.11965811965811966,0.099789670483757892,0,0.124,0.087948314176809081,0
313TT,0.48275862068965519,0.75,0,0,0,0,0.15602553870710295,0.30913978494623656,0.32926829268292684,0,0,0.11495673671199011,0,0,0.18092105263157895,0.1606886657101865,0.81983385254413288,0.066261733848702375,0.90909090909090906,0.28297785626952859,0.38433179723502303,0.199438202247191,0.16538461538461538,0.5714285714285714,0,0.76102699144173802,1.0840056953013764,0.12820512820512819,0.56521739130434778,1.9474147027787549,0.17671691792294808,0,0,0,0.083333333333333329,0,0,0.10000000000000001,1,0,0.57851239669421484,0,0,0,0,0,0,0,0.13114754098360656,0.80086580086580084,0,0,0.66346153846153844,0.125,1.8333333333333333,1.9339933993399341,0.33333333333333331,1.8333333333333333,1.7954545454545454,2.266349583828775,2.290909090909091,0,0.2868217054263566,2.0817941952506596,1.7898550724637681,1.4460227272727273,0.23573369565217392,0.86776859504132231,0,1.2335808109651627,1.9512195121951219
315AL,0.39583333333333331,0,0,0,0,0,0,0,0,0,0,0,0,0,0.9845890410958904,0,0,0.38775510204081631,1,0.17647058823529413,0.59658484525080047,0,1.6550218340611353,0,0,0,0.063063063063063057,1.125,0,0.023622047244094488,0.16339869281045752,0,0,0,0,0,0,0,0,0,0,1.7732558139534884,0,0,0,0,0,0,0,0,0,0,0,0,0.046296296296296294,0,0.5,0,2.2000000000000002,0,0,0.38095238095238093,1,1,1.7890295358649788,0.33566026759744039,1.2283464566929134,2,0.016666666666666666,1.8030949839914621,0
322,0.48803827751196172,0,0.084507042253521125,0.11650485436893204,0.10000000000000001,0,0.10580808080808081,0.030548068283917342,0.039757040309221427,0.028896672504378284,0.029023746701846966,0.045063291139240506,0.031045751633986929,0.060113728675873272,0.035235823086804917,0.028680688336520075,0.03021978021978022,0.044264635887672536,0.12230291180783465,0.054495912806539509,0.055555555555555552,0.18907109314180959,0.19679144385026737,0.12322274881516587,0.052959501557632398,0.080611390284757126,0.17061143984220908,0.093567251461988299,0.095558546433378203,0.076566125290023199,0.12990353697749196,0,0.088888888888888892,0,0.041322314049586778,0.10240963855421686,0.068965517241379309,0.075471698113207544,0.072243346007604556,0.14713656387665197,0.061224489795918366,0.034398034398034398,0.080459770114942528,0.073643410852713184,0.042084168336673347,0.071379547014413181,0,0,0.080341880341880348,0.068783068783068779,0.034482758620689655,0.054652880354505169,0.056616194865042789,0.087548638132295714,0.068697342838626052,0.058974358974358973,0.078873239436619724,0.075990299110751822,0.11176470588235295,0.11028315946348734,0.073789392774788617,0.03896103896103896,0.069148936170212769,0.10985915492957747,0.094711917916337804,0.062130177514792898,0.1080368906455863,0.079415791875855776,0.037499999999999999,0.094637223974763401,0.057692307692307696
323,0,0,0,0,0,0,0.31914893617021278,0,0,0,0.10000000000000001,0,0,0,0,0,0,0,0.037499999999999999,0,0,0,0.033118675252989879,0,0.054945054945054944,0,0.013019079685746353,0.016304347826086956,0.027932960893854747,0.019230769230769232,0.020443671161374511,0,0,0,0.011363636363636364,0,0.33333333333333331,0.0079051383399209481,0.15384615384615385,0.0094422485726833559,0.015011547344110854,0.22564102564102564,0.014355440712029859,0.043621399176954734,0.058580289455547899,0.028836509528585758,0,0,0.11956521739130435,0.0076335877862595417,0.0054495912806539508,0.022332506203473945,0.013031550068587106,0.0075107296137339056,0.14918497519489723,0,0.012448132780082987,0.015503875968992248,0.017096134786917742,0.012345679012345678,0.015391791044776119,0.015277777777777777,0.0076335877862595417,0.43582089552238806,0.034389140271493215,0.018227009113504555,0.035620052770448551,0.064304461942257224,0,0.034468857085265064,0.013157894736842105
324,0.17940483836437593,0.086956521739130432,0.048512747875354111,0.11694809255784866,0.064543889845094668,0.28435064366406865,0.025528434284730294,0.13153724247226625,0.061705989110707807,0.077123050259965339,0.61733333333333329,0.33167495854063017,0.22556390977443608,0.036423841059602648,0.047738693467336682,0.12727272727272726,0.020161290322580645,0.030706243602865915,0.035827520608750794,0.14583333333333334,0,0.3515815085158151,0.16129032258064516,0.17618497109826589,0.28472606530160488,0.077712609970674487,0.061764705882352944,0.054711246200607903,0.052054794520547946,0.073863636363636367,0.05276872964169381,0.27434826768987697,0.25782282944028206,0.22889674126423243,0.025058117532572848,0.018014564967420467,0.045614035087719301,0.12534123703299274,0.10123119015047879,0.12466843501326259,0.048192771084337352,0.0777027027027027,0.024347826086956521,0.01664408747822721,0.016330166270783847,0.01282051282051282,0.062162162162162166,0.019230769230769232,0.01925280770112308,0.018044237485448197,0.0625,0.021777003484320559,0.059753954305799648,0.13548387096774195,0.041762628588975892,0.1174055829228243,0.12928759894459102,0.039840637450199202,0.088181818181818181,0.078911564625850333,0.040697674418604654,0.15555555555555556,0.055232558139534885,0.11645569620253164,0.085024154589371986,0.10539067231980617,0.30047185709470847,0.24080267558528429,0.056492411467116359,0.14882346381175421,0.11418481459682166
325,0.15382540681470827,0.26158445440956651,0.20732439463678207,0.25435203094777564,0.3487544483985765,0.043782837127845885,0.089526071711344871,0.07516563856522733,0.27703334372078531,0.34593023255813954,0.23005435735577767,0.12077294685990338,0.16056485355648537,0.15127701375245581,0.11222462983026363,0.14690721649484537,0.08254716981132075,0.20921851289833079,0.2814796963489577,0.26067152524726706,0.17123287671232876,0.21422605790645879,0.0472011385199241,0.11748050882232253,0.50841995468114953,0.24192858868794259,0.16712479384277076,0.18888888888888888,0.20588235294117646,0.41935483870967744,0.025894897182025894,0,0.086956521739130432,1,0.23076923076923078,0.125,0,0.2391304347826087,0.1111111111111111,0.045685279187817257,0.42666666666666669,0.73553719008264462,0.04632152588555858,0.17073170731707318,0.14960629921259844,0.082191780821917804,0,0.062686567164179099,0.5797861186831621,0.028985507246376812,0.12716763005780346,0.15806451612903225,1.0494882148558551,1.4853128991060025,0.16242529400424138,0.23623092236230922,0.1951219512195122,0.16400806345589203,0.014809523809523809,0.019304281345565749,0.080174927113702624,0.001697792869269949,0.063053097345132744,0.21951219512195122,0.56838905775075987,0.18867924528301888,0.56134969325153372,0.21566312475403385,0.47945205479452052,0.25374758972445111,0.036129437637448948
326,0.23439958049292081,0.065217391304347824,0.086956521739130432,0.49019607843137253,0.59090909090909094,0.15384615384615385,0.13507274152800766,0.20745428973277075,0.26580921757770631,0.29126213592233008,0.24257884972170687,0.23208072372999305,0.1512884455527847,0.14431082331174838,0.21054506590666192,0.11877551020408163,0.11028269648959305,0.14374307862679955,0.11663787215235646,0.1858974358974359,0.18584070796460178,0.12658227848101267,0.35092348284960423,0.19449901768172889,0.16832597762496151,0.12717146944614754,0.11144306651634724,0.095866314863676347,0.074392712550607282,0.12100456621004566,0.09880239520958084,2.5294117647058822,0,0,0.29004854368932037,0.35483870967741937,0.9285714285714286,0.014626218851570965,0.38869257950530034,0.21875,0.17777777777777778,0.077372019343004833,0.096805421103581799,0.10256410256410256,0.10869565217391304,0.22878787878787879,0,0.11538461538461539,0.20316622691292877,0.35555555555555557,0.15384615384615385,0.035891089108910888,0.12630359212050984,0.21568627450980393,0.10028744809964868,0.073770491803278687,0.36979166666666669,0.076923076923076927,0.19480519480519481,0.064471879286694095,0.17619603267211201,0.10204081632653061,0.16961130742049471,0.078947368421052627,0.036818529443898178,0.15665488810365136,0.15459780143081486,0.37758830694275275,1,0.40655008591933689,0.043285528031290744
42,0,0,0,0,0,0,0,0,0,0,0,0,0,0,0,0,0,0,0,0,0,0,0,0,0,0,0,0,0,0,0,0,0,0,0,0,0,0,0,0,0,0,0,0,0,0,0,0,0,0,0,0,0,0,0,0,0,0,0,0,0,0,0,0,0,0,0,0,0,0,0
441,0,0,0,0,0,0,0,0,0,0,0,0,0,0,0,0,0,0,0,0,0,0,0,0,0,0,0,0,0,0,0,0,0,0,0,0,0,0,0,0,0,0,0,0,0,0,0,0,0,0,0,0,0,0,0,0,0,0,0,0,0,0,0,0,0,0,0,0,0,0,0
445,0,0,0,0,0,0,0,0,0,0,0,0,0,0,0,0,0,0,0,0,0,0,0,0,0,0,0,0,0,0,0,0,0,0,0,0,0,0,0,0,0,0,0,0,0,0,0,0,0,0,0,0,0,0,0,0,0,0,0,0,0,0,0,0,0,0,0,0,0,0,0
452,0,0,0,0,0,0,0,0,0,0,0,0,0,0,0,0,0,0,0,0,0,0,0,0,0,0,0,0,0,0,0,0,0,0,0,0,0,0,0,0,0,0,0,0,0,0,0,0,0,0,0,0,0,0,0,0,0,0,0,0,0,0,0,0,0,0,0,0,0,0,0
4A0,0,0,0,0,0,0,0,0,0,0,0,0,0,0,0,0,0,0,0,0,0,0,0,0,0,0,0,0,0,0,0,0,0,0,0,0,0,0,0,0,0,0,0,0,0,0,0,0,0,0,0,0,0,0,0,0,0,0,0,0,0,0,0,0,0,0,0,0,0,0,0
481,0,0,0,0.33333333333333331,0.26153846153846155,0.20783132530120482,0.21739130434782608,0.27777777777777779,0.26000000000000001,0.25806451612903225,0.25161290322580643,0.25490196078431371,0.2857142857142857,0.29999999999999999,0.25806451612903225,0.28000000000000003,0.27777777777777779,0.3125,0.25252525252525254,0.14285714285714285,0,0.25,0.26153846153846155,0.26666666666666666,0.24444444444444444,0.26190476190476192,0.15555555555555556,0.14999999999999999,0.033333333333333333,0.13793103448275862,0.013824884792626729,0,1.25,0,0.0012476606363069245,0,0.25,0.0094086021505376347,0.0093896713615023476,0.25806451612903225,0.18518518518518517,0.27600000000000002,0.33099415204678362,0.32149980055843635,0.21437500000000001,0.328125,0.20399999999999999,0.33333333333333331,0.28058836639179852,0.18627450980392157,0.29471032745591941,0.30591715976331363,0.22690106295993459,0.22448979591836735,0.23686244204018547,0.19762845849802371,0.23856209150326799,0.28318002628120892,0.14146341463414633,0.20000000000000001,0.21629213483146068,0.18867924528301888,0.11904761904761904,0.19672131147540983,0.31147540983606559,0.26728110599078342,0,0.13413124226165909,0.01932367149758454,0.16470588235294117,0.25806451612903225
482,0,0,0,0,0,0,0,0,0,0,0,0,0,0,0,0,0,0,0,0,0,0,0,0,0,0,0,0,0,0,0,0,0,0,0,0,0,0,0,0,0,0,0,0,0,0,0,0,0,0,0,0,0,0,0,0,0,0,0,0,0,0,0,0,0,0,0,0,0,0,0
483,0,0,0,0,0,0,0,0,0,0,0,0,0,0,0,0,0,0,0,0,0,0,0,0,0,0,0,0,0,0,0,0,0,0,0,0,0,0,0,0,0,0,0,0,0,0,0,0,0,0,0,0,0,0,0,0,0,0,0,0,0,0,0,0,0,0,0,0,0,0,0
484,0,0,0,0,0,0,0,0,0,0,0,0,0,0,0,0,0,0,0,0,0,0,0,0,0,0,0,0,0,0,0,0,0,0,0,0,0,0,0,0,0,0,0,0,0,0,0,0,0,0,0,0,0,0,0,0,0,0,0,0,0,0,0,0,0,0,0,0,0,0,0
485,0,0,0,0,0,0,0,0,0,0,0,0,0,0,0,0,0,0,0,0,0,0,0,0,0,0,0,0,0,0,0,0,0,0,0,0,0,0,0,0,0,0,0,0,0,0,0,0,0,0,0,0,0,0,0,0,0,0,0,0,0,0,0,0,0,0,0,0,0,0,0
486,0,0,0,0,0,0,0,0,0,0,0,0,0,0,0,0,0,0,0,0,0,0,0,0,0,0,0,0,0,0,0,0,0,0,0,0,0,0,0,0,0,0,0,0,0,0,0,0,0,0,0,0,0,0,0,0,0,0,0,0,0,0,0,0,0,0,0,0,0,0,0
487OS,0,0,0,0,0,0,0,0,0,0,0,0,0,0,0,0,0,0,0,0,0,0,0,0,0,0,0.00026625319112280539,0,0,0,0.00022251891410769915,0,0,0,9.6363250910632724e-05,0,0,3.2326889506691667e-05,0.00016015374759769378,0,0,0,0.00019489378288832586,0,0,0,0,0,0,0.00018882175226586103,0,0,0.00016503011799653437,0,0.00027129679869777537,0,0,0.00031625553447185326,0.00031928480204342275,0,0,0,0,0,0,0,0,0,0,0.0015105740181268882,0
493,0,0,0,0,0,0,0,0,0,0,0,0,0,0,0,0,0,0,0,0,0,0,0,0,0,0,0,0,0,0,0,0,0,0,0,0,0,0,0,0,0,0,0,0,0,0,0,0,0,0,0,0,0,0,0,0,0,0,0,0,0,0,0,0,0,0,0,0,0,0,0
511,0.063829787234042548,0,0.055555555555555552,0,0,0.06726457399103139,0.069358178053830224,0.086956521739130432,0,0.076923076923076927,0.073529411764705885,0.078947368421052627,0.055555555555555552,0,0.040000000000000001,0.066666666666666666,0.14285714285714285,0.07407407407407407,0.1111111111111111,0,0,0,0.052631578947368418,0,0.076923076923076927,0.125,0.063642518618821933,0.06860158311345646,0.044117647058823532,0.06965174129353234,0.056085918854415273,0,0.075471698113207544,0,0.033333333333333333,0,0,0.03643724696356275,0.0625,0.0017264341735312978,0.054794520547945202,0.067796610169491525,0.065352318364366557,0.06228373702422145,0.062447257383966247,0.061371841155234655,0.057471264367816091,0,0.055299539170506916,0.028052805280528052,0.062021439509954056,0.042134831460674156,0.027413354219698455,0.049281314168377825,0.066047840057122456,0.07407407407407407,0.056372549019607844,0.034931912374185907,0.064851485148514854,0.055944055944055944,0.041297935103244837,0.04878048780487805,0.063492063492063489,0.051948051948051951,0.03875968992248062,0.059196617336152217,0.015151515151515152,0.052840158520475564,0.080000000000000002,0.044899175523989275,0.068965517241379309
512,0,0,0,0,0,0,0,0,0,0,0,0,0,0,0,0,0,0,0,0,0,0,0,0,0,0,0.10526315789473684,0.051999999999999998,0.049792531120331947,0,0.16101694915254236,0,0,0,0,0,0.080000000000000002,0.083333333333333329,0,0.18518518518518517,0.14165350184307529,0.1370388916708396,0.14754098360655737,0.090909090909090912,0.07407407407407407,0,0,0,0.085106382978723402,0.1888111888111888,0.14285714285714285,0.097560975609756101,0.03010670731707317,0.050793650793650794,0.081967213114754092,0,0.25791855203619912,0.098039215686274508,0.13333333333333333,0.18862690707350901,0.12442396313364056,0.05526315789473684,0.21428571428571427,0.27415730337078653,0.10958535271943996,0.041353383458646614,0.18181818181818182,0.060606060606060608,0,0.13422818791946309,0
513,0,0,0,0,0,0,0.00016155088852988692,0,0,0,0,0,0,0,0,0,0,0,0,0,0,0,0,0,0,0,0.0001105583195135434,0,0,0,0.00017571604287471446,0,0,0,0,0,0.00070175438596491223,0.00048146364949446316,0,0,0,0.00018761530523967856,0.00023408239700374532,0.00011764705882352942,0.00017624250969333803,0,0,0,0.00014930944382232175,0,0,0.00033233632436025255,0.00017979144192736425,0,0.0001543448062972681,0,0,0.00020703933747412008,0,0,0,0,0,0,0,0,0.00015008254539996998,8.2189529053998522e-05,0.0005717552887364208,0.00029898345624875422,0.00060975609756097561
514,0,0,0,0,0,0.0025893319523562922,0.003060778312199388,0.0016000000000000001,0.0018570102135561746,0.001639344262295082,0.0017964071856287425,0.0018552875695732839,0,0.0025974025974025974,0.001984126984126984,0.001589825119236884,0.0023584905660377358,0.0015723270440251573,0.0016592920353982301,0,0,0.0011682242990654205,0,0,0.0021231422505307855,0,0.0022740193291642978,0.0034113060428849901,0.0038095238095238095,0.0072529465095194923,0.0032664489034064394,0.0036363636363636364,0,0,0.0051020408163265302,0,0,0.0031446540880503146,0,0.0023201856148491878,0.003787878787878788,0.0037479503396579995,0.0034674063800277394,0.0026926035828112979,0.0025320729237002025,0.0072680632749038054,0.0048514251061249243,0,0.0030599755201958386,0.0083650190114068438,0.0052148518982060906,0.003570153516601214,0.0068243136010157114,0.0068578553615960096,0.0041852301876603212,0.003791982665222102,0.011060507482108002,0.00823045267489712,0.0059490084985835698,0.0083333333333333332,0.0063291139240506328,0.006180469715698393,0.0073664825046040518,0.0066334991708126038,0.0049995763070926191,0.0073816760746851931,0.00048875855327468231,0.0018747656542932134,0,0.0023594759997050655,0.0054190751445086704
521CI,0.01401239558070601,0.014492753623188406,0.013709063214013708,0.011444921316165951,0.0095785440613026813,0.012345679012345678,0.011065873264432613,0.01048951048951049,0.0093457943925233638,0.010997643362136685,0.012400354295837024,0.011893434823977164,0.015604681404421327,0.013452914798206279,0.0098441345365053324,0.014423076923076924,0.0098039215686274508,0.013714967203339297,0.0096707345153119965,0.014326647564469915,0.016085790884718499,0.01078167115902965,0.011904761904761904,0.012422360248447204,0.01337223437879893,0.011758417958311064,0.0038835464440452288,0.0087759815242494221,0.0052173913043478265,0.004827586206896552,0.0048042277203939471,0.013057671381936888,0.0028562361155188829,0.0036764705882352941,0.01042611060743427,0.00081015392924655685,0.015763076188201577,0.0094080752646021164,0.0076335877862595417,0.015055202408832385,0.0081061164333087691,0.014656427244892837,0.013923013923013924,0.0016555162776203413,0.0046076016023169656,0.013722126929674099,0.010995370370370371,0.0072119519908957373,0.010439219240387359,0.003769727173982493,0.0054074932406334491,0.0060606060606060606,0.007554560716284275,0.0048366769985353723,0.0057803468208092483,0.013360739979445015,0.0068337129840546698,0.0057525083612040137,0.0031005829095870022,0.0048109965635738834,0.007119741100323625,0.011059907834101382,0.006313131313131313,0.0078361981799797767,0.003966236143598088,0.0022009118063197612,0,0.014567404426559356,0,0.0091978829453779349,0
523,0,0,0,0,0,0,0,0,0,0.00068027210884353737,0.00050352467270896274,0.00059737156511350056,0,0,0.00059701492537313433,0,0,0.0013966480446927375,0,0,0,0,0,0,0,0,0,0,0,0,0,0,0,0,0,0.00063011972274732201,0,0.00056721497447532619,0,0,0.00125,0,0,0,0.00036074106521683116,0,2.0059778138853783e-05,0,0,0,0,0,0,0.000636604774535809,0,0,0,0,0,0,0,0.0010224948875255625,0,0,0.00018318373328448433,0,0,0,0,0,0
524,0.0046865846514352666,0.020761245674740483,0.019757807520713832,0.0080256821829855531,0.020391843262694921,0.0077605321507760536,0.009202453987730062,0.0035587188612099642,0.0061443932411674347,0.005235602094240838,0.0051369863013698627,0.0047393364928909956,0.0066666666666666671,0.0061224489795918364,0.0065557236510337871,0.017040358744394617,0.0045871559633027525,0.0049261083743842365,0.0061471346420781279,0.003663003663003663,0,0.0038610038610038611,0.010309278350515464,0.003929273084479371,0.0060757684060042888,0.0045095828635851182,0.014389114699936966,0.012616704516780217,0.011892450879007239,0.012054794520547946,0.0096667280427177316,0.01859504132231405,0,0.015332197614991482,0.020350833385354893,0.0044303797468354432,0.013435700575815739,0.0086174597227426011,0.013080444735120994,0.013157894736842105,0.008557457212713936,0.0078774617067833702,0.012666666666666666,0.00017448961786773688,0.011841594409214442,0.14929625815310676,0.0002801591303860593,0.0001177440244907571,0.011599143575778993,0.013103502066921457,0.01520232506147999,0.013780551222048881,0.012941790958156811,0.0072115384615384619,0.012812350787840203,0.014499758337361043,0.0060024009603841539,0.015957026621376096,0.014142948980188183,0.01744360902255639,0.018684461391801716,0.014526246285902938,0.013960909453530115,0.013970588235294118,0.015568428674873281,0.015228426395939087,0,0.022982885085574573,0.00030339805825242716,0.019371642519941397,0.0047639670853183193
525,0,0,0,0,0,0,0,0,0,0,0,0,0,0,0,0,0,0,0,0,0,0,0,0,0,0,0,0,0,0,0,0,0,0,0,0,0,0,0,0,0,0,0,0,0,0,0,0,0,0,0,0,0,0,0,0,0,0,0,0,0,0,0,0,0,0,0,0,0,0,0
HS,0,0,0,0,0,0,0,0,0,0,0,0,0,0,0,0,0,0,0,0,0,0,0,0,0,0,0,0,0,0,0,0,0,0,0,0,0,0,0,0,0,0,0,0,0,0,0,0,0,0,0,0,0,0,0,0,0,0,0,0,0,0,0,0,0,0,0,0,0,0,0
ORE,0,0,0,0,0,0,0,0,0,0,0,0,0,0,0,0,0,0,0,0,0,0,0,0,0,0,0,0,0,0,0,0,0,0,0,0,0,0,0,0,0,0,0,0,0,0,0,0,0,0,0,0,0,0,0,0,0,0,0,0,0,0,0,0,0,0,0,0,0,0,0
532RL,0,0,0,0,0,0,0,0,0,0,0,0,0,0,0,0,0,0,0,0,0,0,0,0,0,0,0,0,0,0,0,0,0,0,0,0,0,0,0,0,0,0,0,0,0,0,0,0,0,0,0,0,0,0,0,0,0,0,0,0,0,0,0,0,0,0,0,0,0,0,0
5411,0.0098425196850393699,0.022727272727272728,0.015290519877675841,0.01358695652173913,0.01276595744680851,0.014416058394160583,0.013080801199073443,0.013574660633484163,0.0137524557956778,0.014814814814814815,0.014271151885830785,0.014935064935064935,0.014943215780035863,0.014760147601476014,0.014894497310715763,0.014166666666666666,0.015209125475285171,0.014625228519195612,0.01423728813559322,0.013793103448275862,0.010526315789473684,0.013812154696132596,0.013774104683195593,0.013812154696132596,0.014853857211308098,0.014427412082957619,0.013592357504648329,0.011904761904761904,0.013568521031207599,0.012403100775193798,0.013628929674722878,0.015873015873015872,0.0056369785794813977,0.011834319526627219,0.015748031496062992,0.013333333333333334,0.013157894736842105,0.013595166163141994,0.0089020771513353119,0.013944223107569721,0.013793103448275862,0.013807916538815588,0.0140411874832843,0.011854498213705749,0.01381509032943677,0.014029786315562271,0.014869888475836431,0.014412416851441241,0.012731862583690044,0.013756613756613757,0.012125534950071327,0.012390177968010813,0.012845056505897611,0.013167826889205737,0.012615740740740742,0.011494252873563218,0.01384083044982699,0.014266842800528402,0.014970428782651552,0.011585365853658536,0.015011547344110854,0.013661202185792349,0.014814814814814815,0.015256588072122053,0.014570966001079331,0.014397628625873385,0,0.017621145374449341,0.019047619047619049,0.016018819312198947,0.009181331293037491
5415,0.10707803992740472,0.076923076923076927,0.073773814349412242,0.073643410852713184,0.086206896551724144,0.10548271752085817,0.10767490099943429,0.082089552238805971,0.08069164265129683,0.081081081081081086,0.076984126984126988,0.076235854675402032,0.077844311377245512,0.084112149532710276,0.079922027290448339,0.081141578063794073,0.082901554404145081,0.082706766917293228,0.07993338884263114,0.084507042253521125,0.090909090909090912,0.080808080808080815,0.082111436950146624,0.074275362318840576,0.077809798270893377,0.079429735234215884,0.10707444349032301,0.098928796471329558,0.089552238805970144,0.10717100078802207,0.09799039658545261,0.0945945945945946,0.086538461538461536,0.096774193548387094,0.10230547550432277,0.094339622641509441,0.071428571428571425,0.12658227848101267,0.09815950920245399,0.090866583541147128,0.094005449591280654,0.10294117647058823,0.11047845670094332,0.11564518670237908,0.094366925064599483,0.093280862847981344,0.092920353982300891,0.086407766990291263,0.095273631840796014,0.096296296296296297,0.11818181818181818,0.11730168644597126,0.11560904449307075,0.091484184914841851,0.10414966413459728,0.092130518234165071,0.12736921910538287,0.10365853658536585,0.11487758945386065,0.10455486542443064,0.10404624277456648,0.097345132743362831,0.0924548352816153,0.095940959409594101,0.085708070480748313,0.096653005464480871,0.098749599230522608,0.080103359173126609,0.11320754716981132,0.086068274680374326,0.082836456558773419
5412OP,0.020119863013698631,0.017621145374449341,0.036090835360908353,0.036283185840707964,0.030690537084398978,0.020749188247406351,0.035990600144613159,0.036174126302881665,0.023586823912159414,0.028181417877586965,0.028263521756811714,0.048232264106766565,0.11412116040955632,0.051861702127659573,0.071546052631578941,0.058669288757784335,0.032217308907138344,0.053221288515406161,0.031523786129534104,0.038128249566724434,0.055900621118012424,0.03833333333333333,0.028354080221300138,0.052066115702479342,0.081206234470295915,0.028891656288916562,0.047276641903885343,0.025607191456022433,0.032567380787836907,0.027198364008179959,0.035229531242425713,0.015267175572519083,0.030594900849858359,0.034911242603550295,0.042342590046741818,0.061631944444444448,0.0047368421052631582,0.064129085643359535,0.052775605942142298,0.057094721078247847,0.040375862575245926,0.035508764485931738,0.057271268057784909,0.057366388945336313,0.087847524808141009,0.03550995775497888,0.055428426137808288,0.020839200225288651,0.023302891582894343,0.031624341159559179,0.038417865253595758,0.049769684756009791,0.056488440340705749,0.059376022480127799,0.048668130609127364,0.05777027027027027,0.024438761011651038,0.067687938379448337,0.071493212669683254,0.081635443730343218,0.055467282969810773,0.076741626041830477,0.046037946428571432,0.048185776487663277,0.032578240015196845,0.066211604095563134,0.043835536745349561,0.16048507756516261,0.034698126301179737,0.04671754637927146,0.030520042295491684
55,0,0,0,0,0,0,0,0,0,0,0,0,0,0,0,0,0,0,0,0,0,0,0,0,0,0,0,0,0,0,0,0,0,0,0,0,0,0,0,0,0,0,0,0,0,0,0,0,0,0,0,0,0,0,0,0,0,0,0,0,0,0,0,0,0,0,0,0,0,0,0
561,0,0,0,0,0.0028790786948176585,0.0045673686881502161,0.0031948881789137379,0.001658374792703151,0.0033472803347280333,0.0038274182324286709,0.0039225610527647732,0.0039323633503735743,0.005136106831022085,0.003838771593090211,0.0036776997659645604,0.0038917716827279467,0,0.0040532715691951361,0.0020951810835079317,0,0.0040816326530612249,0.0022641509433962265,0.0038358266206367474,0.0026609898882384245,0.0031175059952038369,0.0029638411381149969,0.002986789201608271,0.0028785261945883708,0.0023785253143051308,0.0018357044515832951,0.0030699774266365687,0.0028708133971291866,0,0.00035435861091424523,0.0040752351097178684,0.003254384378954981,0.0016852039096730705,0.0029274540298234379,0.004047838086476541,0.0037606102933276028,0.003186404673393521,0.0047859682896179249,0.0040038131553860818,0.0031325587850430229,0.0035471055618615209,0.0046976426375128118,0,0.00055679287305122492,0.00042343831915151028,0.0013771805358484266,0.0025479005299633103,0.0040618448637316559,0.0034650034650034649,0.0028542546232978535,0.0043178609980901771,0.0037821482602118004,0.0031263026260942061,0.0036562409498986388,0.0037165371933158219,0.0037024570851565131,0.0027329871549603719,0.0017809439002671415,0.0024813895781637717,0.0020826102047900035,0.0025860354087925202,0.0032618825722273998,0.0025284450063211127,7.4732830132277103e-05,0.0022123893805309734,0.0016469501295466871,0.0017963244438303164
562,0,0,0.0058997050147492625,0,0,0.0043196544276457886,0.0030565461029037188,0,0.0044247787610619468,0.0043103448275862068,0.0031545741324921135,0.0040816326530612249,0,0,0.0061349693251533744,0,0,0,0.003134796238244514,0,0,0.0038022813688212928,0,0.0022123893805309734,0.0027681660899653978,0.0038167938931297708,0.001756440281030445,0.0018248175182481751,0.0033783783783783786,0,0.0032786885245901639,0,0,0,0.00411522633744856,0,0,0.0043859649122807015,0,0,0,0,0,0.0019157088122605363,0,0.0014641288433382138,0,0,0.00068301345536507074,0.0059435364041604752,0.0034013605442176869,0,0.0021990104452996153,0.0034904013961605585,0.0016659725114535611,0.0051923968474733425,0,0.0057012542759407071,0.0047318611987381704,0.0040983606557377051,0.0061475409836065573,0,0.0039920159680638719,0.0020491803278688526,0.0024198427102238356,0.0028929604628736743,0.0068027210884353739,0.0057736720554272519,0,0.0056934734374345878,0.0011844832691738228
61,0,0,0,0,0,0,0,0,0,0,0,0,0,0,0,0,0,0,0,0,0,0,0,0,0,0,0,0,0,0,0,0,0,0,0,0,0,0,0,0,0,0,0,0,0,0,0,0,0,0,0,0,0,0,0,0,0.0032520325203252032,0,0,0,0,0,0,0,0,0,0,0,0,0.044112446958981609,0
621,0,0,0,0,0,0,0,0,0,0,0,0,0,0,0,0,0,0,0,0,0,0,0,0,0,0,0,0,0,0,0,0,0,0,0,0,0,0,0,0,0,0,0,0,0,0,0,0,0,0,0,0,0,0,0,0,0,0.00030406227195329605,0.00014420650371331747,0.010638297872340425,0,0,0,0,0,0,0,0,0,9.5501862286314582e-05,0
622,0,0,0,0,0,0,0,0,0,0,0,0,0,0,0,0,0,0,0,0,0,0,0,0,0,0,0,0,0,0,0,0,0,0,0,0,0,0,0,0,0,0,0,0,0,0,0,0,0,0,0,0,0,0,0,0,0,0,0,0,0,0,0,0,0,0,0,0,0,0,0
623,0,0,0,0,0,0,0,0,0,0,0,0,0,0,0,0,0,0,0,0,0,0,0,0,0,0,0,0,0,0,0,0,0,0,0,0,0,0,0,0,0,0,0,0,0,0,0,0,0,0,0,0,0,0,0,0,0,0,0,0,0,0,0,0,0,0,0,0.00037453183520599252,0,0.00090171325518485117,0
624,0,0,0,0,0,0,0,0,0,0,0,0,0,0,0,0,0,0,0,0,0,0,0,0,0,0,0,0,0,0,0,0,0,0,0,0,0,0,0,0,0,0,0,0,0,0,0,0,0,0,0,0,0,0,0,0,0,0,0,0,0,0,0,0,0,0,0,0,0,0,0
711AS,0.0067114093959731542,0,0,0,0,0,0.0035335689045936395,0,0,0,0,0,0,0,0,0,0,0,0,0,0,0,0,0,0,0,0.0033036009250082591,0,0,0,0.004172461752433936,0,0,0,0,0,0,0,0,0.0055555555555555558,0.0011208668036614981,0.00044771866986853353,0.0043731778425655978,0.0031424581005586594,0.0042105263157894736,0.0034965034965034965,0.0028985507246376812,0,0.0037910699241786015,0.0032154340836012861,0.0033500837520938024,0.0045420136260408781,0.0020170327207530256,0.00034328870580157915,0.003708281829419036,0.0073529411764705881,0.0041067761806981521,0.0036496350364963502,0.00079617834394904463,0.0043103448275862068,0.0011098779134295228,0.0017380913584270274,0,0,0.0015873015873015873,0.00083263946711074107,0,0,0,0.0031298904538341159,0
713,0,0,0,0,0,0,0,0,0,0,0,0,0,0,0,0,0,0,0,0,0,0,0,0,0,0,0,0,0,0,0,0,0,0,0,0,0,0,0,0,0,0,0,0,0,0,0,0,0,0,0,0,0,0,0,0,0,0,0,0,0,0,0,0,0,0,0,0,0,0,0
721,0,0,0,0,0,0,0,0,0,0,0,0,0,0,0,0,0,0,0,0,0,0,0,0,0,0,0,0,0,0,0,0,0,0,0,0,0,0,0,0,0,0,0,0,0,0,0,0,0,0,0,0,0,0,0,0,0,0,0,0,0,0,0,0,0,0,0,0,0,0,0
722,0,0,0,0,0,0,0,0,0,0,0,0,0,0,0,0,0,0,0,0,0,0,0,0,0,0,0,0,0,0,0,0,0,0,0,0,0,0,0,0,0,0,0,0,0,0,0,0,0,0,0,0,0,0,0,0,0,0,0,0,0,0,0,0,0,0,0,0,0,0,0
81,0,0,0.046875,0.038461538461538464,0.019083969465648856,0.026143790849673203,0.024362606232294616,0,0,0,0,0,0,0,0,0,0,0,0,0,0,0,0,0,0,0,0.011864406779661017,0.0099173553719008271,0.015214384508990318,0.016514806378132119,0.013591626308389315,0,0.011764705882352941,0,0.0089445438282647581,0,0.0016611295681063123,0.016473731077471059,0.014925373134328358,0.015246636771300448,0.013201320132013201,0.013785046728971963,0.016284987277353689,0.0019884009942004971,0.010189902732746642,0.0084488002703616092,0,0,0.0016057808109193096,0.011359839625793518,0.031536113936927769,0.027843137254901961,0.013238416385662545,0.017655047532820281,0.041469505783385908,0.028065332413158499,0.035148706064117421,0.0085436893203883497,0.010666932509221414,0.0052015604681404422,0.0072727272727272727,0.0098199672667757774,0.012283236994219654,0.0087241003271537627,0.012078450131547477,0.0076880834706205383,0,0,0.018691588785046728,0.011771891831861846,0.099920382165605101
GFGD,0,0,0,0,0,0,0,0,0,0,0,0,0,0,0,0,0,0,0,0,0,0,0,0,0,0,0,0,0,0,0,0,0,0,0,0,0,0,0,0,0,0,0,0,0,0,0,0,0,0,0,0,0,0,0,0,0,0,0,0,0,0,0,0,0,0,0,0,0,0,0
GFGN,0,0,0,0,0,0,0,0,0,0,0,0,0,0,0,0,0,0,0,0,0,0,0,0,0,0,0,0,0,0,0,0,0,0,0,0,0,0,0,0,0,0,0,0,0,0,0,0,0,0,0,0,0,0,0,0,0,0,0,0,0,0,0,0,0,0,0,0,0,0,0
GFE,0,0,0,0,0,0.00390625,0,0,0,0,0,0.0040322580645161289,0,0.0068027210884353739,0,0,0,0,0,0,0,0,0,0,0,0,0.0038970745248772154,0.0036809815950920245,0.0042553191489361703,0.0030303030303030303,0.0039278700232101412,0,0,0.0040674026728646133,0.0047077285209886233,0.0035842293906810036,0.0063291139240506328,0.0042134831460674156,0.004335260115606936,0.005076142131979695,0.0047058823529411761,0.0053763440860215058,0.0036607687614399025,0.003084832904884319,0.0029559562518474726,0,0,0,0.0037383177570093459,0.004122497055359246,0.0027624309392265192,0.0032679738562091504,0.0040515653775322286,0.0042016806722689074,0.0042313117066290554,0.0060975609756097563,0.0042372881355932203,0.0036603221083455345,0.0038880248833592537,0.0030864197530864196,0.004329004329004329,0.0057803468208092483,0,0.0034423407917383822,0.0036811373445036813,0.0042372881355932203,0,0,0,0.0034818941504178272,0
GSLG,0,0,0,0,0,0,0,0,0,0,0,0,0,0,0,0,0,0,0,0,0,0,0,0,0,0,0,0,0,0,0,0,0,0,0,0,0,0,0,0,0,0,0,0,0,0,0,0,0,0,0,0,0,0,0,0,0,0,0,0,0,0,0,0,0,0,0,0,0,0,0
GSLE,0,0,0,0,0,0,0,0,0,0,0,0,0,0,0,0,0,0,0,0,0,0,0,0,0,0,0,0,0,0,0,0,0,0,0,0,0,0,0,0,0,0,0,0,0,0,0,0,0,0,0,0,0,0,0,0,0,0,0,0,0,0,0,0,0,0,0,0,0,0,0
