ID,Settore,CO2,CH4,N2O,FGAS,PM25,PM10,NOX,SO2,CO,VOC,NH3_AIR,H2S,BENZ,TXYL,MEOH,FORM,STYR,ETO,PHEN,CYAN,CL2,HCL,H2SO4,HF,DIOX,PFAS,CHL_SOLV,PB,HG,AS,CD,CR,NI,MN,CU,ZN,SE,COB,SB,BE,TN,NO3,NH3_W,TP,BOD,COD,TSS,OIL,TDS,PATH,THERM,PEST,SILICA,ASBEST,PHARMA
1,Farms,75367.63343159955,23672.85010736799,2579.797026314424,,0.0,0.0,677.9737938320826,7.000996277740178,1026.9032173524618,1046.9971420824318,7427.679550273464,0.017222526942116817,4.494891509181171,8.620974556224176,32.48531754363494,18.287889634634304,0.12131167386427626,1.2366369688789633e-08,3.3587736832320996,2.6394040209830592e-08,0.001859835448334099,0.02728452809180463,5.602972081860649,3.6541082936453237e-06,0.0,0.0,,0.00019795026884486956,7.744237461544195e-06,0.00020645557976639993,1.3425521618182358e-05,6.6873631781876465e-09,0.0006045724937320448,0.0021371363149665823,0.07172570950258206,2.9629097144756568e-06,5.06178278644012e-06,7.557070197644024e-06,8.68909293662388e-06,1.8062362789165854e-06,3836.2398956414677,0.0,0.0,492.11787079712866,1.1328902983523148,0.0001589986812777548,18.771552231163263,2.291250592148058,12.19700426859435,,,50.19794848409139,,1.1462266207562102e-13,
2,"Forestry, fishing, and related activities",75206.81875156681,0.0,0.0,,0.0,0.0,162.60161080758954,7.700793889980845,821.1157581409395,172.59323621740293,485.0971853608931,0.009858179110320785,2.0719996561799485,8.053664633831273,2.2629832061264006,6.051689738923821,0.15309876403525255,0.00011608333948818181,0.20545791912772915,4.266264575636135e-06,0.0005656949865750522,0.00349354624692954,0.5242227910361353,8.473820625872001e-05,0.0,0.0,,0.008398441857997398,9.924346565779374e-06,0.00017102741370509706,9.084556762558112e-05,3.961318045752017e-07,0.0004937490727100316,0.013799325880180987,0.0060864799841803775,0.00013169704161203357,3.004109033155987e-05,6.3349998981125865e-06,1.7195369338029646e-05,5.423437465759902e-06,223.0339359738609,0.0,0.0,25.40394827506485,0.11270789849299183,0.010614675994065546,4.5410386612844444,0.29753545133521053,0.8616102921360625,,,4.432465972668816,,5.149059550352542e-12,
3,Oil and gas extraction,177545.59185589428,19510.85550790493,3.193266040573638,,0.0,0.0,1218.491417279308,85.29939960208729,1233.716681486853,4789.990050299182,0.4158238730572445,0.8610425888886769,53.302432087076,86.3088592601902,3.6091200302344517,53.277678950430136,0.016746980416907153,0.0,0.008340788206409645,0.022934733902924262,0.0016383578797508672,0.00204153918311741,0.01316413642220435,0.00011363926535989545,1.7632805543680376e-10,0.0,,0.0002530423498673717,8.177052097913711e-05,0.000366907994270106,0.00022454571669999193,0.00015189157585852704,0.0017637875272444978,0.01494208146935305,0.00039101247659860687,0.0009152640443045613,0.00023728559481769862,7.160917225341345e-05,0.0001450096635885918,1.4509517345296345e-06,0.12745220468396498,0.0733796241355879,0.00035759735451111027,0.016885261903878998,0.1131023098776933,0.05488170336573264,21.749390994442088,0.42552444320872473,32.39415390379944,,,0.0,,9.061261870735592e-10,
4,"Mining, except oil and gas",321999.4633342278,27791.62034729942,28.749952083413195,,0.0,0.0,883.7711469560554,420.3357666730378,1083.4821478905988,87.18613253611063,10.163039997939421,1.5637251337137446,1.2113847982299408,1.9097820116599424,0.31047045761433223,3.6099195395434625,0.14228105670926522,2.065354370404959e-07,0.8629508731069317,1.798244073882148,0.026878733028499566,5.0885958177757225,0.18777071362080938,1.5810317281863528,3.809126791489345e-09,0.0,,2243.3837998500153,10.017449916308916,494.3211259350999,0.028017432039291478,0.8500745440842346,9.026557651483602,75.40099070662635,25.31839735461225,1197.2719745657816,0.7516194801935252,0.11792018259735583,0.7633014821632327,0.0014641440379746127,1.72326072379631,2.6898515518372608,0.05333392933386662,0.885249077495092,1.0079577898181065,2.5960636949314293,278.20619698472774,9.617315107311152,25080.750789414797,,,0.0,,2.0283630651188596e-06,
5,Support activities for mining,69393.88423734983,0.0,11.376046596286859,,0.0,0.0,407.3371602628222,42.7155009868255,431.9187185677236,1324.5723921099825,2.0210097478196327,0.31589277816664374,14.696426343026085,24.282926661759383,2.2679263580664255,16.417048072291372,0.010468065472532446,0.0,0.03986077247499013,0.06838245860184358,0.0013700055061567436,0.24766492320963732,0.005304865127445352,0.0671004211231827,1.0260637731399572e-10,0.0,,84.82763435734377,0.393101395532225,18.987749454749473,0.0011987637644196283,0.2683134926413078,0.4707053327996308,4.352190990234474,1.0669503522821115,45.10285915818013,0.08669245254841641,0.05545734993964611,0.02899938754385565,7.011779675578218e-05,0.09407708692890981,0.08979230855231939,0.0036706054716306355,0.03843623223157966,0.057801836758065786,0.12860965152369822,22.651869318925076,0.8592969260738087,740.7994595808618,,,0.0,,7.780921429094413e-08,
6,Electric power,5610891.404921637,198.04500438472888,332.0235801149795,,0.0,0.0,2240.494028540215,2761.9786446849143,1118.218611028552,55.00503977963637,45.316328065596885,0.4217388210575789,0.5718789751127492,1.8719494926355742,0.46043734986215734,4.550871807674662,0.10506238551945013,0.01123257436107156,0.04527749954076942,0.8746306565152987,0.43336178989175406,9.05742993633941,50.578936521087,5.729011282845745,7.123938926983772e-07,0.0,,0.62951420689195,0.02947502232006233,0.5530593482947554,0.01492242210498601,0.9926903300567408,0.9751341723968772,4.16461778570986,1.0029788604684133,2.9984095256142,0.34051953078151515,0.1763068570658855,0.036465190632231685,0.04914213241649511,9.18554956628115,0.9826794605168537,0.1024015876105307,19.601965720660154,3.6947995022340514,0.8756764310854191,164.07385254559188,9.345783011208066,3584.363856488968,,,0.0,,8.4746812435955e-07,
7,Natural gas distribution,492784.4879495375,8130.915681569617,30.24071658277882,,0.0,0.0,340.2412833047343,325.70006543606803,196.15352045594116,19.95528826478132,21.26469975286877,0.05756750784970353,0.216653365445862,0.5448810062396428,3.954466945696166,2.420476420090902,0.013803868652802176,0.001168670036446909,0.0665977217896396,0.09076704132344363,0.080830422451873,0.9798229660616473,5.040400719145097,0.5712602883254876,7.099802921027587e-08,0.0,,0.06936249028171892,0.0032691230306258457,0.055450820558294804,0.005665685498467112,0.10315822890402337,0.11746924334376775,0.4170607105096705,0.1063992895392671,0.42109057769382563,0.03430615802878144,0.017582963218361485,0.003663101605748321,0.004914825775266909,5.7198758296574805,0.10957674780888191,0.01020349028944431,24.447929450130864,4.5684914326377095,0.11068397798345792,26.658901484367846,1.0568783922903378,372.6236712941207,,,0.0,,8.446143258600698e-08,
8,"Water, sewage, and other systems",1447398.1273027218,56993.890539083084,3146.0553631314065,,0.0,0.0,207.9532077594373,89.0585853687606,260.0361512438867,80.95450954233465,43.83200431489764,1.351431517861865,1.0216531049666224,4.5781871460209285,2.052068748890019,1.5028668997976842,0.2828357673103152,0.01165246862939445,0.16158363711164306,0.850092013688518,8.698783369231316,3.2893121183916447,1.043486410048681,0.1824923385993322,1.5861250643987165e-08,0.0,,1.0183572282669142,0.059913294262186445,0.08798273648982603,0.951756233214553,1.0010067085088628,1.7154211534145345,0.42983791960736023,1.251089676197539,28.3911903512594,0.09285236924726714,0.00623348081508707,0.007508351219196643,0.00506827521440105,1112.837416012314,2.718876657272383,0.0018224785053936288,5211.511221556454,972.8973411889117,0.08414455806205179,2354.179048549073,27.53084076455934,3469.6189285334854,,,0.0,,1.777905915924435e-08,
9,Construction,77310.02261875273,0.0,0.857095594442935,,0.0,0.0,225.06215470487112,10.152583262437766,340.792810010664,38.40331044736226,0.7039947693061737,0.03025796583454695,1.0718117933124114,3.13909321999284,0.12226235388563256,5.0757728238173465,0.1687240800066247,7.016847264023043e-05,0.018096522153331584,0.013091512008066505,0.019055585672813177,0.0915994300552306,0.0955079866283291,0.02507376091271372,3.54723917114275e-09,0.0010304496003482465,,10.754703544657046,0.04957307255802515,2.3732946235893597,0.0005562484223739521,0.011597854277069072,0.059195950641051064,0.45554611841936576,0.12848304629900573,5.713713703595605,0.008704309678992076,0.0018148729849583947,0.00380207526159454,0.00010332283499667148,2.7406595169920474,0.05953727818407912,0.0012394482070019488,1.094904695726433,4.3432461254568615,8.107734887431171,108.13536432933302,0.8255226526856005,357.3336509337717,,,0.0,,3.1802285042007445e-07,
10,Wood products,107093.6814727931,0.0,0.0,,0.0,0.0,354.3899744419426,31.54068036628341,736.6027971121173,561.1586610909487,7.00993144290436,0.5903381047153872,2.972620576351116,2.8865539397801943,54.93683270686079,14.975154854279562,2.563547405345741,7.727755594325253e-05,3.63374110200467,0.0010658916777566468,0.3189393019343768,5.1674431527876274,0.01939130304551339,0.023775983997173403,1.7640424126162083e-06,0.0,,0.08063846388671936,0.0015456113720440407,0.011486805213560623,0.00683190650316909,0.001297312292899708,0.028233593565317693,1.2599048124313172,0.004196354912977584,0.13377056784498625,0.013636875730352303,0.007656274575497475,0.003201267220788485,0.0018183603998546537,0.4467692283368827,0.1313417941698712,0.037465556874126865,0.036371055576847194,0.5825485791890984,17.536331233895716,124.28704692725367,2.447770768005637,0.5422508157866139,,,0.007648411697591709,,2.0163581952482517e-10,
11,Nonmetallic mineral products,1135510.5105105105,0.0,10.427093760427093,,0.0,0.0,1815.6015418058944,975.0910604389209,1485.024893543526,116.44553055966168,49.509887702805266,0.5974517569622422,2.2525610326818706,1.8850543817969165,3.6398212490077038,5.60893685941844,1.357760298888305,0.000160574143606918,1.703181727190071,0.06213127470967438,0.8169853325072661,22.91168031639226,3.9528846034825116,2.0273011572221398,3.57544319964336e-07,0.0,,0.718959099250331,0.049250690456726365,0.02294547775171554,0.006370677410028471,0.1447320477775632,0.22748255241662502,1.3208260349543655,0.2747859934510433,0.8000279570415793,0.4401789019071097,0.034851184535459566,0.004970493532253575,0.0022905987506906147,0.015539191770672126,10.596436686437253,0.005181409329258359,0.008639436522831489,0.011643979477504734,0.09996231616531925,244.38027715940794,10.952007704273425,121.34883069794341,,,0.0,,3.2846180554123436e-07,
12,Primary metals,444522.9363313894,0.0,0.0,,0.0,0.0,113.02842270134208,91.57716044901203,340.5413531992194,60.10970385288861,3.2607328972288503,0.0021506145559797734,0.9726504724045435,1.4424436288135294,0.1755474500245554,0.36381063113359374,0.20580417799859496,4.684865019609753e-06,0.5887149433033246,0.023757939244831435,0.14045592269775267,2.88578019650824,0.09593207605230346,0.2869961830641926,1.296700149773643e-06,0.0,,0.16887555474330213,0.011167219351931853,0.017544987441628176,0.009094230833057626,0.08420498882601977,0.1428010737609188,0.4375447612355199,0.21112064908225586,0.7679027934475892,0.0040818122116995864,0.01657539117708022,0.005251518048354403,0.0006751290126356728,0.37035323598642284,1.5125362181686064,0.004720737177663913,0.002654971056833468,0.039647434281929544,0.4039934557193934,7.127914465971909,0.9059092770280002,13.640738671587071,,,0.0,,8.061852310740692e-12,
13,Fabricated metal products,60740.91893192206,0.0,0.0,,0.0,0.0,19.781784385452546,4.5951375635917096,61.833416936120734,68.00524656878879,2.0966781520984967,0.008415014254166195,0.1522692912422665,4.810218171067616,0.8354497041859008,0.4302641776354467,0.8990966563535004,2.3015189507448094e-05,0.1637944339545206,0.05155616665040786,0.010031797363268131,0.4495682998576127,0.09899475928138901,0.043633140093202696,2.564392578708301e-09,0.0,,0.04730451325509074,0.001138913098300385,0.0025142830365046756,0.0015302545148986096,0.19359793154632104,0.15869436663174746,0.18326706918006433,0.1406264489186564,0.475294899875025,0.0017094120733525825,0.013191375867206588,0.004378771580940313,3.095559616020658e-05,0.0016060004648113324,1.0921594681952222,8.497543099219689e-05,0.0003908478485234311,0.018170039115991844,0.07850215631312771,75.73606848728289,1.0485700947338918,1.8354194409118032,,,0.0,,6.300736497602459e-10,
14,Machinery,26515.545388374754,0.0,0.0,,0.0,0.0,14.465929541135706,0.8397570713444639,29.411014770305982,20.01856938201699,0.2760982242201236,0.0031260006832423397,0.06857496664738966,1.5458322873162706,0.10835537363406268,0.17111826272392522,0.4101614702137694,0.0001263125837004391,0.02476533730111721,0.0014591963651308726,0.0029954803247409997,0.03525456547240096,0.011709804159866112,0.006845325796472049,7.658930907528269e-09,0.0,,0.005272353921308567,0.002440735368060115,6.425696563605616e-05,0.0002672217009501146,0.03043472175637688,0.026568239301880583,0.1907465176557457,0.035389433911591155,0.060918434339319164,9.514442789295785e-05,0.002988428196547647,0.0003186262551918963,2.475936297369722e-06,0.00262781699149184,0.06406421650051598,0.0002668953930065248,0.0006945749916233698,0.0017331612105119809,0.03876286256321351,2.829612159607964,0.17521375631521507,0.06882812716961796,,,0.0,,1.3025712035885384e-08,
15,Computer and electronic products,13435.662836956591,0.0,3.2769909358430716,,0.0,0.0,5.5726347979386315,0.7217861708324589,6.244388727745803,5.57363061015853,0.5110702115076464,0.004643353009984575,0.007105574399837242,0.23928580245878336,0.20137153246560233,0.02731920675270516,0.12341442612803108,0.0007838243011900752,0.018088633705489576,0.0019864677776171577,0.0284743444257175,0.1117683207832197,0.05416434218092105,0.16423307887149097,1.9067954979390513e-10,0.0,,0.00855184065093281,8.085721323476765e-06,0.0003183306332325054,3.8533191773603615e-05,0.00044783020400239037,0.0028201786594575506,0.0017371809596794779,0.013890691016519617,0.0036808311402872283,4.591243402849686e-05,0.00015180228012667544,0.0008185241685755055,4.2713465361118095e-06,0.05174907410265187,1.6383341902272128,0.006392102337210215,0.0001888137245812946,0.41225276828456847,0.005761521272080718,2.732118291127533,0.04100187285621229,0.25665283882092593,,,0.0,,2.7960303081322704e-08,
16,"Electrical equipment, appliances, and components",21942.039259371784,0.0,0.0,,0.0,0.0,14.953463888692538,7.310291421391756,70.22580768380706,18.198950171410257,0.549401158532961,0.06919817747675798,0.039310226792791315,1.15494207068013,0.1431101758851465,0.05170304398692936,0.5073236351691672,2.157087285364189e-05,0.026912567289740022,0.3793424007280175,0.006336924312710936,0.020071958756017493,0.019704304126843212,0.007495025314560281,2.1069799207576215e-09,0.0,,0.05828025746464128,0.0005278318107231833,0.0010666598267184218,0.00020574735386535937,0.011782659836355163,0.0227506022974724,0.19960257123534153,0.04282855274091551,0.0669323365033327,0.0029392273893077137,0.010384552099920626,0.0501544703170686,4.246676001913365e-06,0.028177640452975078,0.03637304662564018,7.95471786737258e-05,0.05055347116522446,0.09868489289590385,0.02626456807618939,24.607563928360598,0.17168458605920514,0.02520781351169862,,,0.0,,2.7431571191852126e-10,
17,"Motor vehicles, bodies and trailers, and parts",19560.097401301344,0.0,0.0,,0.0,0.0,14.84218094292148,19.30815670540137,15.876182016945554,48.342326092689525,0.34884699722308626,0.0001323113641995287,0.018695124086169676,4.749817139795131,0.7252854424329659,0.10960662499386134,1.0956998298153982,2.4971656552088983e-05,0.011816475774970086,0.0002908428108576735,0.0006982581344292843,0.031732695239115594,0.005556848234679074,0.005740619436909629,1.8539082985126012e-11,0.0,,0.0008201007534813685,1.4969654589292427e-05,0.00014989082983998348,8.252300387029572e-05,0.01600308396585268,0.0195278805871135,0.05067704926813673,0.013900535239122741,0.03233190026199772,8.688959462210485e-05,0.002888746167398571,0.002113740947407777,2.7264870409476546e-06,0.003849677275189678,0.00016009700309783766,2.5373525822799836e-06,0.0007244247086833519,0.00014387630874959116,0.11702885994531464,2.574460730330986,0.40272352003026096,0.36124772246499937,,,0.0,,0.0006399621712446771,
18,Other transportation equipment,18756.166089601957,0.0,0.0,,0.0,0.0,20.434832661730518,14.849804469026564,21.882548430269903,25.63934021874481,0.31064368246488494,1.2990833715032088e-05,0.03066938337360693,3.6309387631881607,0.3213958501194891,0.06799308040851848,10.92083481668972,0.00022386519409370458,0.051998263907134065,0.006772113557263366,0.0025106966036862388,0.09286407615396407,0.0015037149144056653,0.022098083590420838,3.842583260368194e-09,0.0,,0.006797776715062262,5.302269493773134e-05,0.00012595601646921318,0.00028686287678067365,0.02505955665278603,0.026103089241519502,0.06808837159388649,0.08602417029899154,0.03855534641413881,6.1344649759803e-05,0.05088228094675413,0.0013324674267275304,2.388583163071178e-06,0.12165228165069066,0.001060558730842818,1.1315409105137299e-05,0.009436084557761593,0.0199555297349891,1.7085770920935952,1.730932774153058,0.11190211665125732,6.227626342164348e-05,,,0.0,,3.833111958366924e-07,
19,Furniture and related products,42747.89822833711,0.0,0.0,,0.0,0.0,14.82097595972287,1.5115722847740067,25.367213196436065,187.19382950408533,0.32182671850814015,0.0029808220641801457,0.14049652990575096,23.50574149298019,3.1813678621337775,0.40741854968174196,0.9590790831859302,0.00039461639393569687,0.015426467668571909,0.0002007027050351734,0.012865023752404654,0.38935673810429583,0.016631320300346464,0.0010082728908882255,8.925334393996746e-07,0.0,,0.00276500912018503,5.8412160233832315e-05,0.0007534596115768829,0.000405575581395127,0.009437381871782094,0.008876153478418266,0.06859161319730922,0.0016469198635689964,0.0004936008090745455,0.00021756100146580292,0.001712723526195055,0.0006221432867724824,0.0003426723842018905,0.004430778733172456,4.394124358442614e-06,3.6449285188876384e-06,0.008868996772008053,0.000606062669484104,0.03661794190782145,1.441857160159217,0.028377594741076862,0.12711658214682375,,,0.0,,3.792010266606992e-12,
20,Medical equipment and supplies,21065.011918431814,0.0,0.0,,0.0,0.0,7.207109040449656,1.61861641898357,10.356431382891461,12.93632187914974,0.37665604733641567,0.0013550671227347906,0.01686929341438212,1.5787638408463065,0.3749649868983058,0.04541304251673814,0.1559807655783733,0.2177451872603238,0.006832803222285012,0.0013346627826238075,0.005865803074498554,0.022940624041931573,0.009996267129536645,0.006117129679728211,2.6918459498663682e-08,0.0,,0.0001990437884771042,6.0817652331549025e-05,4.901824914769239e-05,2.5835620217667534e-05,0.0019533376759307396,0.001536418979141705,0.002572824364660415,0.0004633770998784884,0.037229934005598674,6.204733796253567e-05,0.0017352146892403088,2.203667420710254e-05,6.096778334340277e-06,0.000705762577099119,0.10919348762289414,0.002416025916881278,0.004477248444189274,0.0013647598341300718,0.26780314167033487,0.020478754845579282,0.015083235130506809,0.1806110266699137,,,0.0,,1.4145030577789862e-09,
21,Other manufacturing,30528.816272930973,0.0,0.0,,0.0,0.0,13.458276609504292,0.8407016805197989,50.14891099187805,41.30030080271777,4.159110048429275,0.0016293516606224463,0.042866621799872,2.6257756263384757,0.9863671471710161,0.5128600801624433,3.9233605577008466,0.00024063461698969638,0.07476968618845953,0.013902611897102863,0.0014397146584930103,0.020190828908655117,0.03673910068336958,0.001168861905288038,2.2545579769051428e-10,0.0,,0.009389910253173069,1.7510670973619327e-05,0.00019047191834496735,0.00019964445891606464,0.014053397639524741,0.00628557595240457,0.0799325911110862,0.023981710256740868,1.0737288219302548,0.00024220373497649606,0.0010437031366140178,0.0021768067519236894,9.223353997518774e-06,0.05578289685535283,0.005164064442022058,0.005931049939979729,0.003991925581522882,0.35142758763265636,0.07852967297757472,0.30561763786107354,0.030644568470685134,0.0008560231779538599,,,0.0,,1.343198284164623e-08,
22,Food manufacturing,85729.12593559464,0.0,0.7973003703515289,,0.0,0.0,39.582130388038415,38.42316603509182,52.899291810630395,35.56617284231898,7.631125098577671,0.5978323790638324,0.044658284693357156,0.2223922848043524,0.9447905438216311,0.21895604554143963,0.010870938564738442,0.003761012301507732,0.010160690124164633,0.013825664985927119,0.014002596278953493,0.9584103676693487,0.4311866031754283,0.15798106379652432,5.720714111703436e-08,0.0,,0.011552923092501248,0.0003899526286732666,0.0011428541342396513,0.0003303285874433422,0.022027097763026054,0.02468907921859433,0.45267756747949855,0.0269322060316928,0.14056990316083617,0.0010505810045400418,0.0013966532500397219,0.0001413137496651323,5.2400538190987144e-05,4.227800406127792,37.72540149174016,0.013283346095284174,0.9397355196316063,21.625108274419205,1.3590597892522793,73.32059758768422,4.29361221612974,63.93206662025601,,,0.0,,1.7025728529488335e-13,
23,Beverage and tobacco product manufacturing,59123.95200805439,0.0,2.534084550327756,,0.0,0.0,27.18047568421619,13.703972073451675,35.53711803162844,194.13174057802115,2.314665741384241,0.016866668485406924,0.0765842094162988,0.2158094824187194,0.3992577090803194,0.15450147967205743,0.017279245534781378,0.004043904003405243,0.015711426095522306,0.0064275320253877645,0.017076086900055742,0.24559080859986104,0.02465807828178381,0.04327598097699057,1.6390243853727367e-07,0.0,,0.001211350609812619,3.610237940232025e-05,0.0002366456333207379,0.0002038457128779322,0.00021155723206746338,0.0017533717813336311,0.002604726254333817,0.002901189786782304,0.004020991575349553,0.00016592841530891738,0.0012259078259262992,7.059379324494414e-05,3.628035720160121e-05,0.06474689314251554,5.263205926677325,0.014228475059381063,0.17491502649353552,0.33416237616934075,1.822516109708726,1.4516310709675468,0.2185655987589411,9.885678040519355,,,0.0,,4.090249295103952e-13,
24,Textile mills and textile product mills,108244.2778138592,0.0,0.0,,0.0,0.0,32.032284984794416,9.44432863394619,47.98822858496432,38.49519732436701,1.7797933689601098,0.0851511042127616,0.05545769223432882,6.254522951243278,1.597760060975251,0.6880288279335569,1.6541179617139274,0.0016953958420920933,0.19792230106446743,0.003250699573267908,0.0047109744823584385,0.1826083793180362,0.04030105476603597,0.03197521323000069,4.430887228182689e-09,0.0,,0.0135982871762139,9.793442872946487e-05,0.0005040141935506499,0.00017091725069222916,0.004388922651184696,0.0026030329385852502,0.14898762815029581,0.0021455994208335084,0.07712440248030356,0.00019066216782183583,0.00016393735565092515,0.04389132688329236,3.918550126019565e-05,0.014117635864759056,1.0808928299114724,0.004244941000827416,0.508941800972457,0.24604517307714938,0.23595012371919863,2.295205824223403,0.20194349872860917,4.351351635296135,,,0.0,,2.1652108536679702e-11,
25,Apparel and leather and allied products,15271.838729383018,0.0,0.0,,0.0,0.0,6.355770462953069,0.10242554523239888,28.985508789180393,10.186621787482444,0.9769923800193689,0.012077216130136103,0.03594780513176454,0.4692499689789675,0.011839141983385034,0.061451294878497924,0.009659269879912884,0.00019368485269602266,0.0006317161443271044,3.109609594722536e-05,6.977415255181562e-05,0.0009553493766589691,1.6280031544333197e-06,6.538040993166191e-05,0.0,0.0,,0.0012488037878691984,1.729578141669896e-06,2.2321465684809757e-05,1.0880521165543566e-05,0.0021642107365205596,7.775129445559842e-05,0.7753232273068785,0.0006938530942519605,0.000873452758732789,1.074451977267528e-05,3.839611956315978e-05,0.0005643605090335669,9.533309668569873e-07,0.03292812730011311,0.054521403073108675,3.2984445557467584e-05,0.02011752636888406,0.006232442165820404,1.8671103677121295,3.5545207157159697,0.06779801073567952,0.012368139695505107,,,0.0,,1.6865608184078533e-12,
26,Paper products,311431.9122144271,0.0,0.0,,0.0,0.0,951.8158524563536,590.6443925687373,1169.7026490228693,226.75491942949446,37.91692229011566,26.625677785054588,1.8297295514858631,2.200575173655977,214.6874574667859,5.293417970020065,1.251222242416147,0.0008165767410255142,4.751998623182244,0.03384082226979824,0.9356157750754149,21.427368781484585,4.266872714495449,0.8118074719258875,1.4319055471131275e-06,0.0,,0.16719482907425143,0.005709906446890156,0.01365517944721824,0.00539067743949889,0.011820712243863813,0.1128394968200723,13.79413956655322,0.014299415587820684,2.101634271176113,0.015379839952405749,0.008794982957453415,0.004540438892327723,0.0014884673396335054,14.224202371845907,24.99687602941847,1.5008024510790596,3.5069877484698426,115.96948431138097,295.4525162114758,183.53737686212395,1.0000942935061028,590.0980149719057,,,0.0,,1.1988870738897938e-08,
27,Printing and related support activities,116366.62331439524,0.0,0.0,,0.0,0.0,49.94070004711202,0.39465475240694586,156.24516752287383,125.69611473016732,0.700646605637322,0.00047310570512349315,0.23093107867555407,18.06614961994179,0.15656431082263317,0.6733567771897239,0.11010209933676972,0.002055254621851988,0.0012099491946062,0.0033132366001418557,2.703025579862733e-05,0.005666842023012891,0.007142891107035909,0.00031851636993550803,4.654134491753029e-11,0.0,,0.0009937223914084244,2.4929478117005363e-05,8.30287332682556e-05,5.417889111227422e-05,0.0013549812367378133,0.014969910611682234,0.008747723838629057,0.004700065491302918,0.0026106735728343073,3.327162360803226e-05,0.007232889978082373,0.0004453475530820592,4.3503867446447355e-07,0.0026087976345298956,0.0027846705391415005,1.7697982221407805e-05,0.004966949896684698,0.002389460680471659,0.002230457895659666,5.191537792858879,0.5523802523024368,0.013660354358277794,,,0.0,,1.0391103332127659e-12,
28,Petroleum and coal products,225023.42734500166,36.274598712251745,0.0,,0.0,0.0,240.73942225354742,169.0502291771791,447.0727975806979,227.6133482345501,5.681748928579952,0.7696217934942505,2.72174542399758,5.910826359483091,0.6095267528744773,3.194151470798545,0.05320367959176737,0.0007770809618038375,0.1540936146147481,3.810997521896016,0.04628361963700742,2.083413408559698,2.4834309575550146,0.07671069811363823,3.420251706681342e-08,0.0,,0.024509710845436357,0.002209716188911524,0.0015591922208456125,0.001356554597550044,0.002683415025760186,0.08922771634915179,0.02526926063683375,0.042300438290192484,0.305439810320052,0.0079739647186462,0.0031005227586372933,0.0039411018340739816,0.000728541099991461,0.13374815466861867,13.64532314602025,0.05960011436840993,0.004447364098966007,0.020513709330105483,3.3902692078657317,25.1239027376667,2.5310889693309035,32.62819237403606,,,0.0,,2.9757329481051976e-07,
29,Chemical products,406664.64642091823,13.528431351327951,82.5234312431005,,0.0,0.0,258.88050819914787,139.32963903788774,330.54844875510366,94.80141008442583,36.98323325970203,1.9158192977288269,0.9078517976772552,4.354409389488413,6.015847560633124,1.386034029194012,1.546024316829246,0.07806469668141007,0.3971185613084091,0.5874169023437549,0.5569363859899321,1.8243538795007153,1.3604508628639673,0.7253673944428339,1.0007858817120645e-06,0.0,,0.04272745031245679,0.002584280571881361,0.009200435289589444,0.02784725889776231,0.056315413277272554,0.05678972348197315,0.26400957434695355,0.04269775683693385,0.21378285808501424,0.005557296694016533,0.0702810638016342,0.01121795434440336,0.0005347776746106784,1.859833895585654,17.43276153479602,0.13427264961646454,0.5929505455996301,0.9688257539595383,14.534214280178267,64.9399781762533,1.3725296049411608,38.02797778780911,,,0.0,,1.0258026558269602e-05,
30,Plastics and rubber products,60544.99959794336,0.0,0.0,,0.0,0.0,53.81292190537934,30.39925618880023,66.06664062691526,192.57895850438624,3.650938901028179,1.2490832725567957,0.06592331461896148,6.066013436908636,1.4617722131557431,0.3449699177595959,35.108832382169936,0.010923750647696882,0.6355044978892861,0.06103747061804399,0.04706966297199878,0.22654754431510368,2.321132078850207,0.0762481255863074,3.1871000060194775e-08,0.0,,0.007516772519117157,0.00034538933408271156,0.005626171536927436,0.0002246215366612707,0.004293229200098048,0.007741217244927459,0.014245980387324306,0.014117788716104156,0.3650223367758547,0.011016066437383202,0.03950155184913565,0.011203547595184736,2.7653279055434408e-05,0.26884821231247247,0.6857451195879066,0.0018654120784162389,0.005189042671867381,0.21040357009439653,1.0219902708436435,214.3775778836815,0.3425053250448257,0.8573403716683093,,,0.0,,3.3433252804743153e-07,
31,"Wholesale trade, durable goods",46924.21802254508,0.0,0.13249113245549182,,0.0,0.0,43.96524152811899,4.65478665847237,69.58947037857065,7.6487901906776665,0.34037252019687353,0.010909116480091715,0.06382187956283503,0.35085493069871004,0.09370472622633984,0.1468929891373176,0.24740960742122803,0.0011187311365709282,0.025233927049683108,0.002328118286368245,0.001719932709180359,0.05434142629011786,0.011624972857666178,0.009803648664841529,6.06267060828701e-09,0.0,,0.4456909875975,0.0021465193583068217,0.09915478741589348,0.00012854842535612722,0.0014406591576610298,0.006400453331548768,0.02519413222296431,0.007244337847510806,0.23991541565961175,0.0008695745239815314,0.000844745259241837,0.00042762830315323704,6.224650053670707e-05,0.010432131084630349,0.016331166090479316,0.00011182770282651645,0.005533196091526496,0.01331923365285589,0.37756537701970355,30.54719066367436,0.40154238102751383,0.7570928581649061,,,0.0,,1.517272244038929e-08,
32,"Wholesale trade, nondurable goods",74513.55548303765,0.0,2.398993928492726,,0.0,0.0,58.64783555400588,7.481353081529498,82.50362832431806,196.29947230571852,0.9029968445474025,0.09486587919432113,0.7235600691474796,4.032856007517405,0.6139533655131272,0.2174902549879018,0.04106193104793516,0.00080078933149633,0.012272298160308769,0.8005535354026491,0.03641152983308713,0.06045472765416856,0.03470036354137122,0.008053043879654817,1.25685267576843e-08,0.0,,0.002597506362533861,0.00014891957488658442,0.0012118141159312922,0.0003947932122575997,0.0011749861360993434,0.005382244377348316,0.011054752805212887,0.0010137116413386918,0.00614228762632577,0.0006696981008092911,0.0007415546613024982,0.0005118382663958402,8.357910905927656e-05,0.07277041954694424,0.45189745531206493,0.0022861959126969085,0.015202997832763016,0.3087807318567112,0.36165149709936445,8.878865189800315,0.24339277616388422,4.960527710098372,,,0.0,,5.616044259395724e-08,
33,Motor vehicle and parts dealers,79487.6305519178,0.0,0.0,,0.0,0.0,34.98920658280087,2.196429616786303,45.89213094207153,3.128727338729763,0.1975950490415519,0.0,0.027806482635576554,0.12857587535980078,0.011786086538477101,0.08572091915817075,0.00363897669165814,0.0,0.0036785429182682023,2.798876201365074e-05,0.00010623140199591788,0.0014198333405198548,0.0,0.0,0.0,0.0,,0.0004062385055976343,2.159458307876332e-05,0.00011182907559238629,6.234328218765899e-05,0.0,0.0027577401080859294,0.0003102769360536858,0.0,0.0,0.0002556785458489734,6.555365162385101e-07,5.902298977267477e-07,4.762537869657335e-05,0.00026524148668289656,0.0,0.0,3.7525148591213572e-06,0.0012102870666913911,0.0001146911995035026,0.03017562537368693,0.00024238355065559237,0.00030245732378436266,,,0.0,,0.0,
34,Food and beverage stores,23291.084389556927,0.0,0.0,,0.0,0.0,43.49547065701876,2.718915772333334,63.920221487229476,4.1574856478736315,0.24887933252362618,1.2350781997824e-06,0.05184309991257292,0.17047888175275916,0.0001674288770338645,0.1256394014887078,0.006945734828136586,1.4826573434224932e-06,0.004901378372538365,4.818188326585755e-05,7.76365199183904e-05,0.002067063923865192,0.0,1.935818769148424e-05,0.0,0.0,,0.0013382209412138044,2.6799601234295933e-05,0.00013768450933371993,7.708421514481576e-05,1.0130060715667515e-08,0.0033850706149701707,0.0003996600880170879,0.00039100415136503284,5.683941805268163e-07,0.00031377833430600857,8.445908172191054e-07,7.392725887899664e-07,5.848314883232238e-05,0.008203183218817082,0.0,0.0,8.364275734319973e-05,0.03563243348787831,8.642390238535385e-05,0.0795541603526481,0.003988400367693267,0.00238047328239707,,,0.0,,2.213468736441092e-12,
35,General merchandise stores,4991.38985250443,0.0,0.0,,0.0,0.0,37.43038150649435,2.372737689856168,40.010307984783545,2.753479266584086,0.2129154818497755,0.0001488305696785347,0.016889068365758455,0.05645875892343894,0.0006340679952186607,0.07973990604990319,0.0017028884430522798,5.580115712228486e-06,0.003953855474514808,0.0005171855228831303,6.981381284250945e-05,0.00183782244967132,0.0,2.4599250737392247e-05,0.0,0.0,,0.0019229650204184655,2.3179870794240002e-05,0.00011999331399491602,6.788304151006092e-05,3.4197365245425225e-05,0.0029712532465419597,0.00034817900842120747,0.00027332457171566464,3.936024093691948e-07,0.00027532788943883906,2.478214472787697e-06,3.761249394468219e-05,5.1253333897027735e-05,0.008040597426790934,0.0,0.0,8.259633040650961e-05,0.03489558250535633,7.013322306588727e-06,0.1151167001109463,0.0213440016771126,0.0005703479458849828,,,0.0,,3.231221224273359e-08,
36,Other retail,44058.73959668064,0.0,0.0,,0.0,0.0,40.456704354396926,2.6870119363737928,56.846189119358364,486.87573379637513,0.26118372940623924,0.0009136976584390001,1.9578401919756985,36.975418201854964,0.016384929964449204,0.11075238986065059,0.005482290834806652,0.00010873585806242337,0.004802124254651551,7.356516474066896e-05,0.0003158605405773104,0.026559328039898442,0.0010723930339782578,0.08762508215667589,2.6981996115981813e-11,0.0,,0.001084517203562795,6.544238377339798e-05,0.00015510498253807362,0.00011873896403962096,0.00047518324357828504,0.0032129990107601886,0.0005114243284497176,0.0002045774615484658,0.0005532852418329678,0.00036198473301771763,1.3809460048453567e-05,2.2198689956853394e-06,5.603955882566424e-05,0.01730321141358055,4.750829718984263e-05,2.4174699645351415e-06,0.04461149171786731,0.04569858886676356,0.0073083697375874055,2.6363307472653013,0.9670532236330238,0.13117735623371768,,,0.0,,1.8581728668013536e-07,
37,Air transportation,700345.5517275019,0.0,20.537992719281583,,0.0,0.0,1.742698055529099,0.12428088838845588,5.690183451288372,1.579135364681385,0.009773217611287318,3.4876898730164335e-05,0.010064062871239158,0.025580046991200398,0.01730546202728628,0.04287392901639902,0.00174016094872731,4.1874223285457126e-05,0.002250529549887505,0.0003859774020429951,2.5195319874270023e-06,9.755868674997446e-05,0.0,6.262058245621537e-06,0.0,0.0,,0.004470803083154549,5.033531132756013e-07,4.3982080206665475e-06,7.524066995328257e-06,3.1265613751933484e-08,2.881196169113323e-05,2.195471116694673e-05,5.426613504891875e-06,8.407325849471023e-06,8.271310821591491e-07,5.041560859013109e-07,2.908456212985689e-06,1.9743865440801862e-07,0.0004674618033853719,0.0,0.0,0.00017618239723424332,0.1113364173726855,0.002440491372846388,1.1573575748440479,0.24062228874312275,0.06650242455828541,,,0.0,,0.0,
38,Railroad transportation,502745.16863178735,0.0,12.85793270158024,,0.0,0.0,6720.102084993468,8.436649492706897,1373.921678573754,313.9684692324414,4.1401442300535765,0.0,6.617433111788987,11.377641854805951,0.002673234404284366,64.98098912997447,0.05504762539145345,0.0,0.0002440081721624016,1.3603164107197532e-08,5.6530055876269545e-08,5.217633040790704e-05,0.0,6.265394300784331e-06,0.0,0.0,,0.0028670897323419993,0.0028015781912616995,0.18211802352589404,0.0003868243951818533,6.230534708020481e-10,0.6843150087203519,0.39143687191017296,2.6986628248584837e-05,0.0001690927978285411,1.946935467508338e-06,5.337367300003608e-07,2.043197862516519e-07,0.0003803645810525349,0.09172564499630557,0.0,0.0,0.1030808777009222,0.04194735237280498,0.031461121599259796,1.00358037782407,0.334624028732019,0.0,,,0.0,,1.528460251259204e-13,
39,Water transportation,643279.692218591,206.84234476482027,20.684234476482025,,0.0,0.0,5993.488688285871,149.0198524617353,882.4208282921622,344.9359383617675,2.711042408397083,0.0009355217685865048,1.8553707182336627,1.6695745246113256,0.1267911361024009,14.957583051966168,0.020788638845521908,0.001123052953546387,0.04392563876644687,0.010353327006587016,6.651428800958274e-05,0.00155132177250938,0.0,0.0001727353390398342,0.0,0.0,,0.059496653294979995,1.3040358743903467e-05,0.003705570065240178,0.03309731861852734,8.409009424673631e-07,0.09644472734098974,0.0008441500847594716,0.0002428694521339766,0.0002255816065979819,8.181632009003156e-06,1.401329103230032e-06,0.08594318562957502,7.75433022869101e-07,0.012207448434269269,0.0,0.0,0.004743057151887443,0.7932851465826851,0.06546260959179619,17.841676217591832,1.0335174915308523,1.783830217227707,,,0.0,,5.511327761669253e-13,
40,Truck transportation,1160411.8798400136,34.03965619947238,37.443621819419626,,0.0,0.0,3893.3489736272422,14.22252667781297,5073.795397156719,517.5673635494339,33.20165366467656,0.000213016620071144,9.875888810094866,47.23344937306666,0.019871287210571117,30.2643179131653,0.4390948043628523,0.0002031063730070239,0.0061059654929866486,0.0013937023446088542,9.609761036425311e-06,0.0006119448726110018,0.0,2.265142655134906e-05,0.0,0.0,,0.005638619009731435,6.240022768412343e-05,0.002816478039915681,7.564016742554305e-06,5.235764640351933e-07,0.0036173968184024363,0.012465280195191624,2.083154477815011e-05,3.929579968240877e-05,1.8128143491955707e-06,2.447517975722755e-07,9.461108920605913e-07,3.873238786724201e-07,0.00280593539488596,0.0,0.0,0.00066463465619599,0.1073587405941443,0.01074419904771105,71.77150964353856,4.278437385782793,0.3333963210923427,,,0.0,,0.0,
41,Transit and ground passenger transportation,305774.4325532165,0.0,19.600925163667725,,0.0,0.0,1127.891962672454,2.2964794611133748,845.6523978705102,102.9034941676416,5.908225689803058,0.0001696978262730529,1.089050500852251,2.707606465879234,0.028853301851236402,9.033063127731427,0.1174570369537123,0.0002037148160585336,0.007967829959193564,0.0018780201839988153,1.3366577143869966e-05,0.0004209373380256169,0.0,3.046881204945413e-05,0.0,0.0,,0.007585684897799461,7.003169532227323e-06,0.0003973831343566666,1.520411466792824e-05,1.5212667651000705e-07,0.0010436748345021747,0.003376968500757028,2.640385324764239e-05,4.090687456079782e-05,1.3055949922741e-06,7.517809528586957e-07,1.269966462316497e-06,5.259148379613561e-07,0.002191618064024202,0.0,0.0,0.0008572370516524348,0.1438804125482993,0.01187450995039258,3.236341469128178,0.18746718854698668,0.32357569911077794,,,0.0,,0.0,
42,Pipeline transportation,1035696.3298139769,29663.147310206135,0.0,,0.0,0.0,3855.2785460612263,93.15943387059261,1195.584732624066,2670.6482461741407,4.430473316631294,0.2727173166909464,11.235858176200741,50.53165407652682,6.702142094418801,91.73235474832684,0.4166042079153595,0.0002332739594776171,0.1816578289294173,0.12383352640206353,0.1081929569254678,0.2485916080356801,1.0552546469812119,0.1248028173983073,1.4891976251250338e-08,0.0,,0.014134707860496514,0.0034843562649803333,0.011639959355042428,0.0028747079228821017,0.02064217854041689,0.07943026530576267,0.11356824686879083,0.02086964511960965,0.06104428822326648,0.007209919285731949,0.0037348353404609,0.0007950728333260666,0.001036325589895635,0.28679029224567615,0.02027575055298117,0.0021347583308078968,0.02906324058731045,0.015399058796496648,17.007963287931467,13.18073023809993,1.8757633568955874,74.55440649965115,,,0.0,,1.766690160526288e-08,
43,Other transportation and support activities,17196.904557179707,104.22366398290733,36.47828239401756,,0.0,0.0,529.2584479961815,31.758354931509356,1410.8765940253381,344.48488832770823,0.9792890322392689,0.01819183452134241,4.137385239509138,12.039847327739816,2.42497588600604,16.899938604169815,0.4035281340352243,0.02144160186693923,0.8384136853946189,0.19756165126417685,0.0012924283624223796,0.030039826887724233,1.0492946493755022e-06,0.003260908228480583,4.283289148973805e-12,0.0,,0.7993907883826548,0.0001485688692099924,0.0017738856461197124,0.001256031540959971,0.00017292012332228025,0.01010598718249515,0.007751530808451723,0.003715104423174507,0.0043351506731397664,6.809317360435776e-05,2.7103006756716908e-05,0.0011291819023408099,1.627946470884193e-05,0.23281747111454237,1.4598913822939192e-06,9.159345752230288e-08,0.09043552088397697,15.134842733169464,1.2506716853798245,342.73269988640243,19.954484569737065,34.062558586311205,,,0.0,,5.3960367367934704e-08,
44,Warehousing and storage,4459.746329628771,0.0,0.0,,0.0,0.0,187.00555930400608,4.011256364034054,259.1532205232981,84.60235926340282,1.446758940628224,0.01684670961170239,1.1366313459968367,2.9008693598833664,0.4652186705604211,1.412071837440292,0.11886340292855602,0.010211543588371919,0.0492428982066835,0.0030220350525965536,0.00011989388809388168,0.028197623081864003,6.605162785626804e-08,5.7292066084673717e-05,0.0,0.0,,0.014668572919900818,3.0015833048297248e-05,0.00030581643301423817,0.00020249722436092824,2.577579371628626e-07,0.004417211360169304,0.004132196052928338,0.0001011577696557078,0.00017505294291082944,0.00028002492524420376,4.650169200980137e-06,2.7284295361243343e-06,5.236031903523001e-05,0.2280156790433583,0.0,0.0,0.0068057448395025906,0.3436864763880949,0.3868731847814185,15.19613604214698,0.6723756359821026,18.27391415867478,,,0.0,,0.0,
45,Publishing industries (includes software),9855.01753056003,0.0,0.0,,0.0,0.0,0.6306518114396145,0.006590964782067839,12.20832209493486,1.1715060592814857,0.002020174066214537,2.549913054907054e-06,0.016439453266081313,0.07056052263854987,0.000309622991576984,0.01647496589861555,0.0016165340991969107,1.9203068471414842e-08,2.5255680895928246e-06,1.900060444123118e-08,1.5588602212753524e-06,2.185804408295627e-05,0.0,1.689505462520116e-06,0.0,0.0,,0.00013607998513369648,1.6339111462557428e-07,8.003770963776561e-07,7.401082158096515e-07,1.0384445575840192e-08,1.9982584233388763e-06,0.00017682158638339932,6.329637069434906e-05,4.335191557198664e-06,4.3768937412186936e-07,3.5464816129621584e-05,7.990215294353881e-07,9.157354140609653e-08,0.0031698843958117666,0.0,0.0,0.00013196898697299746,0.00043599696792550805,0.000246248879534705,0.0014221419720345059,1.61210504907759e-05,0.00021922037413547746,,,0.0,,1.7799134941027556e-13,
46,Motion picture and sound recording industries,3845.7692692269234,0.0,0.0,,0.0,0.0,0.5328471596585587,0.017212668844479386,5.684834859648285,0.4166628853143596,0.013883510709397856,3.540777648178694e-05,0.007615182095387754,0.03157499141088036,0.00031247418433076406,0.009958290523465604,0.0007215690447149454,3.169474350244632e-08,2.771014585666649e-05,3.5664491968945117e-06,4.658190748688387e-06,3.500364029249365e-05,8.209825889621551e-06,5.544298733475161e-05,6.054960576507297e-13,0.0,,0.0007735154547303091,3.95622893375956e-07,1.1094050115684012e-06,5.913816374259183e-07,1.6545051962419232e-06,1.6052935089185935e-05,4.603636610958176e-06,0.0008515513185960519,7.396910952182639e-06,1.4430821399829573e-06,2.4096456884710744e-07,3.9874459238987536e-07,2.4516398833526164e-07,4.585812829064948e-05,0.00042169972579746866,3.6056734214554985e-07,3.935542087184571e-06,2.4762326765166792e-05,0.00013246499795684154,0.0015189340509548582,0.0002450184461504771,0.00035357522923208233,,,0.0,,2.8890967795683087e-07,
47,Broadcasting and telecommunications,842.8706488558734,0.0,0.0,,0.0,0.0,0.36668815515513226,0.007321015365915492,5.423409114663505,0.20321870438984452,0.0005092644610976,0.0,0.007171274381702991,0.030454439296950436,9.209872742019458e-08,0.007223128050256618,0.0007128270605799433,0.0,6.297201263035131e-07,4.7969564577807024e-09,7.626655983937101e-07,2.434797270893684e-07,0.0,0.0,0.0,0.0,,1.0209689281698176e-07,1.8271971446504045e-08,2.912970564310165e-07,5.1161549375075503e-08,0.0,7.939835295970172e-07,4.232365465312959e-07,0.0,0.0,5.3110858088734966e-08,5.229820876720144e-09,5.482026739059552e-09,9.197910713926557e-09,0.001304234403744595,0.0,0.0,1.3995742844325285e-06,0.00573056968407412,0.0,0.008191038900801487,6.520420556359218e-07,4.28835592912859e-06,,,0.0,,0.0,
48,Information and data processing services,2369.297692777907,0.0,0.0,,0.0,0.0,2.198139177968904,0.034766374037799426,23.188676134133864,1.0685264535224945,0.004356113735740673,7.744633216728066e-06,0.035342105644230105,0.13438242084459726,0.00024114579594547528,0.03484444036577273,0.0030235153163596755,1.2352664215070681e-06,0.0010209867556534714,2.915409361693757e-07,7.2104166466304365e-06,0.00022800706596303366,2.101084379996181e-06,5.13361798271603e-06,1.5496044934247203e-13,0.0,,0.000510012671936793,2.2684924951495356e-06,2.996446608933635e-06,2.714288148681605e-06,3.705029490408694e-07,1.2024364884390777e-05,0.00020208093528120927,0.00036279020416664685,1.2748475533000275e-05,5.684310414368982e-06,5.39199951736261e-07,3.5299908606375275e-07,1.1877098798851537e-06,0.052679084859903955,0.00010792271588144209,9.22775246033477e-08,0.00035445210150592134,0.0015383083973495545,0.0006505394345891354,0.004499194787595245,0.00010438045730901139,0.0005631675784044228,,,0.0,,5.61271343476263e-08,
49,Federal Reserve banks + Depository credit intermediation,8874.565650495933,0.0,0.0,,0.0,0.0,4.100882587138817,0.012597072266790042,103.2973186718401,3.8179339192969453,0.009174364024292444,0.0,0.13684209373261183,0.5824349159113227,1.023267283591914e-10,0.1377919533515305,0.013637686321269729,0.0,4.382150127092394e-10,5.180420839302591e-10,2.152804135865845e-09,4.807743061122317e-07,0.0,5.0323036674146454e-08,0.0,0.0,,2.1674976985986396e-06,1.89564851413743e-07,5.057238475260906e-06,1.8145991934181936e-07,2.3727414877211907e-11,5.338957124504353e-06,4.8329245422004014e-06,1.02771745058571e-06,7.117796710957386e-10,3.597907891368209e-08,1.134189662265964e-08,3.899570939240166e-09,1.85285399697549e-08,1.323840892380672e-06,0.0,0.0,1.818909318760129e-07,9.651035103962131e-07,0.0002772031219982267,0.0001231272587107414,1.5652817938447949e-06,0.0,,,0.0,,5.820754109317366e-15,
50,Other intermediation + Nondepository credit intermediation,5334.443586094248,0.0,0.0,,0.0,0.0,3.750956448788377,0.04570636969053162,80.08294401964856,2.990180207286319,0.010642096327051551,0.0,0.10558703972081089,0.4493188519059648,0.0001398730270235741,0.1072422149524791,0.01051690630672022,0.0,5.6052885404406433e-05,4.274145620116158e-07,1.1260969916002424e-06,2.615838754522153e-05,0.0,0.0,0.0,0.0,,6.464327281457195e-06,4.96364107211764e-07,5.633431351238755e-06,1.0535470679838429e-06,0.0,4.576220133864421e-05,1.053102701032229e-05,0.0,0.0,4.045750682228729e-06,4.958069759476927e-08,9.591938170650815e-08,7.308335216436941e-07,1.044487712845959e-07,0.0,0.0,0.0,5.114260807155752e-07,1.138888181705037e-05,1.3901935466562252e-05,3.296431285054323e-06,0.0,,,0.0,,0.0,
51,"Securities, commodity contracts, and investments",3973.2163395385214,0.0,0.0,,0.0,0.0,2.5620841365859706,0.006933383223204177,64.14469760774563,2.3731766632315443,0.005516712123829615,0.0,0.08497233656767057,0.36171238527110644,0.0,0.08556091973285837,0.00846969116162861,0.0,0.0,0.0,0.0,1.900791744268499e-08,0.0,0.0,0.0,0.0,,4.439349770334879e-08,1.227421302579307e-07,3.1326288428410496e-06,8.714171120230389e-08,0.0,3.019089764688167e-06,2.0134230723302326e-06,0.0,0.0,2.962681636503158e-09,6.370062082673786e-09,6.38045663971624e-10,2.343563934125565e-09,0.0,0.0,0.0,0.0,0.0,1.8655701284668666e-05,8.178469724202626e-06,8.006141636064586e-08,0.0,,,0.0,,0.0,
52,Insurance carriers,396.40476657401933,0.0,0.0,,0.0,0.0,0.20802203243985906,0.012046900019362866,0.9437841880312645,0.08814891279617511,0.0008332941471281243,1.9677479733020998e-08,0.00120699107168872,0.005190662039578178,0.00010437446576708044,0.0013605328355249826,0.0034702436389394235,6.795823909123097e-07,2.275812889511301e-06,4.6246457843387284e-05,1.1414768326492239e-06,0.00023275720152545406,0.0,1.5067808242779098e-05,0.0,0.0,,0.00026115444626081014,5.889487657541999e-07,4.796544600592e-07,1.2660504424377537e-06,5.713789875045983e-06,2.7421162748447688e-06,5.786454035005455e-06,5.210042015142587e-05,3.284716517478506e-06,1.8867266864970688e-07,3.5836109772332823e-07,6.089800047990279e-06,1.3513382967539874e-08,7.065683407470444e-05,0.0,0.0,9.540059734001239e-06,0.00017511252116264985,2.3180311351725878e-08,0.0007399101901212988,2.8191907424091293e-05,0.0,,,0.0,,1.0643624964485507e-08,
53,Insurance agencies and brokers and related services,342.49780182806444,0.0,0.0,,0.0,0.0,0.2635873794162211,0.01332165652177946,2.181590167778469,0.1755009766236521,0.0003224568497581325,7.754940926372183e-06,0.0037140924346435256,0.01165625851757699,0.001051034276655537,0.00918301888190283,0.00046098734128363985,9.309467298766255e-06,0.0003641213475056303,8.582279784867141e-05,8.851819673097995e-07,1.4384432552708537e-05,0.0,1.392379871502068e-06,0.0,0.0,,0.000346457904445982,6.91082326770061e-08,8.17423100580615e-07,4.3209320293592807e-07,6.951965240628248e-09,4.0316728185074745e-06,3.3688585011246267e-06,1.206690963595902e-06,1.8695314671349308e-06,1.6663631475400432e-08,1.6191538530749758e-08,5.824703573727892e-08,6.653446903609885e-09,0.0001078087085150746,0.0,0.0,3.957640118255797e-05,0.006826984222028264,0.0005426483792521377,0.1483520839598374,0.008572876750338071,0.014795822014640842,,,0.0,,0.0,
54,"Funds, trusts, and other financial vehicles",64406.706885076965,0.0,0.0,,0.0,0.0,5.565990751502367,0.1458491540267653,133.5511641875847,5.0098944888215104,0.02736471507178855,0.00022686148221439238,0.1768584204595591,0.7545132345207987,1.72318765889444e-05,0.1798356403816655,0.0176381339374785,1.708464752594646e-06,2.168765369548992e-05,1.6904518678438608e-06,0.0001267405718316598,0.0019333264370292517,0.0,0.000150312463673628,0.0,0.0,,0.010968844066460053,1.3008332476215836e-06,9.258599314179825e-06,2.6298705195517186e-05,9.238866834209247e-07,2.5963885626792522e-05,0.006367110996052726,0.0051714006115529945,0.00038569471239687344,4.9107381963321575e-06,1.2219066833848563e-06,1.7297371451055645e-06,2.6353588215641e-07,0.03975620175318044,0.0,0.0,0.01161600476291425,0.03639285590696785,0.0219083492660156,0.12301044961811419,0.001398257383393951,0.01950366853185937,,,0.0,,1.583559144138222e-11,
55,Real estate,37317.472639612264,3.8392461563387106,0.0,,0.0,0.0,0.7499359642806086,0.01868481090545748,11.127579623529195,0.4392018592809295,0.005911549905324752,4.381679576576791e-09,0.014603866432904677,0.062332712322687105,7.78028144419462e-05,0.01750160433449043,0.0019989026328569655,5.260119028943896e-08,1.2777237460633608e-06,3.468863829774209e-06,0.0002509074282265602,0.0001836905417726964,0.0,1.0902411353167209e-05,0.0,0.0,,0.00040584463999682803,4.610935082362695e-07,1.480293924893225e-06,1.6961377629104176e-06,4.163653597034919e-07,1.7144506331251548e-05,5.929443995052562e-06,0.0001954327914331335,5.625247390446166e-07,3.884695862485986e-07,8.414566502340655e-07,5.051621678111267e-06,4.016478234792788e-08,0.00826839260847133,0.0,0.0,0.0003871892843666599,0.1747111654472931,2.3844665362515678e-05,0.30606709376029667,0.0001247360151633399,0.005712839120964194,,,0.0,,9.320446625341037e-10,
56,Rental and leasing services and lessors of intangible assets,69337.06403553985,30.680116829884888,6.136023365976977,,0.0,0.0,12.859496319171603,0.3162488333407795,71.78590432591439,5.166849951404744,0.20222997516343796,0.005728990989186665,0.10467643226784168,0.48702680999978637,0.09251050606928923,0.17149931759646928,0.009520149025046613,3.768053569124107e-05,0.0018926380817208032,0.003594763312009085,0.0003092897203156377,0.014271615502952901,4.834358122736082e-05,0.0022762033310525145,7.451596142653701e-11,0.0,,0.0013199103629529712,0.00015083341002981323,0.0002176178511926826,0.0002148239439386059,0.002683944278453557,0.0007909190045229099,0.0004445546746190785,0.0007388846289742091,0.0005163357519599399,0.00040143682024048477,3.84431175371613e-06,9.145691394149467e-06,7.323801885250327e-06,0.020734933990640983,2.4932333014942964e-05,1.5642523907140408e-06,0.0016008329422240299,0.06815859672891718,0.007821544614394006,0.6439125850740159,0.017774058177152094,0.08530912520346652,,,0.0,,9.236744714250878e-07,
57,Legal services,651.641974866169,0.0,0.0,,0.0,0.0,0.06299841742609674,0.000158904591912043,1.511484976190738,0.055901509741757935,0.00012863205977087152,0.0,0.002002229422177957,0.008523035028384977,0.0,0.002016310340269032,0.0001995721909886677,0.0,0.0,0.0,0.0,0.0,0.0,0.0,0.0,0.0,,6.437738985614411e-10,2.347344969886361e-09,7.354767361010915e-08,7.769618973959218e-10,0.0,7.678159679718418e-08,4.44219795752486e-08,0.0,0.0,0.0,2.968585275202795e-12,0.0,1.730673838147737e-10,0.0,0.0,0.0,0.0,0.0,0.0,0.0,0.0,0.0,,,0.0,,0.0,
58,Computer systems design and related services,7607.660668885159,0.0,0.0,,0.0,0.0,9.837139927160043,3.237892716866547,31.66637818499209,3.6840012321458597,0.12454745124555325,0.006896183358348087,0.057933046349302145,0.23597612909663432,0.060810527302911574,0.10889864814195699,0.021654634825229616,0.0002438700218004697,0.0027590498836922994,0.0023043058298882575,0.0021856942956754058,0.02246092273991493,0.048972301028890296,0.006832414768304251,1.5176718091395638e-09,2.9625087688320515e-06,,0.018024967283535708,8.181790380782661e-05,0.0007162769710217053,0.0001598678155008172,0.0017423758467512238,0.001790973972690002,0.008206223176481975,0.019160917240166796,0.007190407344223807,0.0005073329035337564,0.0002775341944868298,9.748834192533781e-05,4.977705488356893e-05,0.12103448118880035,0.0365088056485583,0.0003969939225032921,0.47711465550955984,0.12629188793090818,0.07936260320332623,1.0093684078484044,0.03365584686890454,4.035420168778607,,,0.0,,4.830373907603531e-06,
59,"Miscellaneous professional, scientific, and technical services",5343.777136368271,0.0,0.0,,0.0,0.0,9.010704526026299,2.6166042363633872,49.10850418155238,10.005498019415327,0.3509205788223297,0.03106758061518483,0.10575038795590144,0.6953266722867005,0.11365127949573825,0.14124995313278,0.09677117847418322,0.001657430452089627,0.008524088885152409,0.024393892168065506,0.005649969397859426,0.05057224172817638,0.020656711204485284,0.012423307910880291,3.996989146828256e-09,5.389363279148178e-07,,0.3202366506464136,0.0013131117085387748,0.061865160062644746,0.00020136577737699647,0.001636966572265739,0.003008326080117005,0.018511535024188282,0.04747588088197474,0.1554049623242044,0.00045625355770385044,0.0005416758248411003,0.00040559876752672497,1.2253752117364431e-05,0.05067477737173009,0.24287666779038847,0.0008838386257168908,0.06849472178913024,0.07649795602997306,0.12106467007666413,1.5491566300100634,0.06440308880598491,4.68938032522809,,,0.0,,1.1875750327706882e-05,
60,Management of companies and enterprises,19970.580972116346,0.0,0.0,,0.0,0.0,1.116559180068965,0.004446933208328994,26.91220161798247,1.031574547662018,0.004209227136095801,0.0,0.03560727409831678,0.15148272817599284,0.0,0.03610296104409615,0.0035469874321727686,0.0,0.0,0.0,0.0,0.0,0.0,0.0,0.0,0.0,,7.9253588162904e-07,4.8526956655597116e-08,1.6239890553722028e-06,9.672431631813936e-07,0.0,2.9395551533339512e-06,1.393197923883091e-06,0.0,0.0,1.2030040947833569e-08,1.332032711071259e-07,2.365159098215195e-10,3.602914357151271e-09,0.0,0.0,0.0,0.0,0.0,0.0,0.0,0.0,0.0,,,0.0,,0.0,
61,Administrative and support services,27131.11109436351,0.0,1.5072839496868617,,0.0,0.0,61.35020825506441,0.3558696182368775,3877.6636070758027,248.55266210836908,0.27820938721551597,0.00031196408981940297,6.743923755820137,40.12276692655693,0.014302471079584912,2.4771927930628705,0.7191935931604689,0.005361459578946374,0.0001906967685193163,4.197954915837775e-05,2.38080364962052e-05,0.0010027513856799715,1.933353821305969e-08,0.0008419675463230441,0.0,0.0,,0.0010114906163217999,5.821448085829718e-05,0.00014229520565934705,3.1202695997813146e-06,0.0005528254349818176,0.000709555033014391,0.0007315766383536575,0.0004525108164296771,2.849054980847369e-05,1.350286757351134e-06,3.116156537881496e-05,1.1702802428006524e-07,2.3044345890929393e-07,0.0028145962493133303,0.0,0.0,0.0008102227014898379,0.005585984823791939,0.0017487396197658368,0.08549747135530127,0.007346799854319394,0.008693622313510344,,,0.0,,1.0786068874495622e-12,
62,Waste management and remediation services,312310.12273666303,972.1715882853324,85.06501397496658,,0.0,0.0,746.5708714278204,143.008864194498,845.5157013611399,639.7327273124508,153.58846213089956,4.586163060840414,1.4092611626509535,18.60743572303759,97.83278679097151,8.109678797419257,0.11939129598100712,0.00046920526585615257,0.3426820199653819,0.017154865152605298,0.11093880568964927,14.274018709047146,0.012314714151580877,0.1768675598484668,5.625437781447204e-08,0.0,,0.7317677466468117,0.10695647857211579,0.058269500825833306,0.146112272419733,1.8464512314450514,0.14515461005212293,0.10601087969269238,0.5137563678818062,0.3492484416533679,0.26646307864450786,0.002592025107615277,0.0012235838632308463,0.003178052992551098,7.301035483040959,0.02680678902788095,0.0010749575900472134,1.3513640625386316,7.604728793076853,4.487766588987929,30.68108957163422,2.6995867872591837,27.606313383027327,,,0.0,,0.0006844082228932368,
63,Educational services,72060.4819502742,0.0,0.0,,0.0,0.0,22.550860084184865,10.993675818531544,111.85818728540578,4.98823120793189,0.2974760365024422,5.712345219648914e-05,0.1398558035544592,0.5944396975892174,0.01587394553880326,0.2256267841272563,0.015689813404428342,0.00021568294696167585,0.006142804484594471,0.0007845807340004045,0.004853133208610344,0.2421586691281575,1.7667232085782882e-05,0.025559919768478247,1.303004414632615e-12,0.0,,0.03221189425542191,0.000478885717317283,0.0005051600145867276,0.0007131071463462191,3.157302765407627e-06,0.0011349675750710953,0.003610762334848332,0.015313108544090735,0.007569885480600068,0.00022017987825545556,4.16408618355091e-05,2.016138374909294e-05,1.7419424172069326e-05,0.05054952488407959,0.0009074817208478363,7.759271636067499e-07,0.0043008786526747,0.05776821173114958,0.0003646630161689253,0.17048368389083413,0.006298298288825673,8.157743940125142,,,0.0,,1.2638776557858978e-05,
64,Ambulatory health care services,4165.548139851337,0.0,10.41387034962834,,0.0,0.0,0.4817702792617263,0.033744898174747975,7.46090853432674,0.3084443959613138,0.004575508285040983,0.0,0.009738516308589093,0.044372649790235585,0.019401923398914896,0.010638737473856158,0.0009677276280039401,0.0025218846643845793,7.642516323590386e-06,5.054858175359355e-07,9.40758519130165e-06,0.00021920611168177714,0.0,7.302899070397018e-06,0.0,0.0,,1.2138987185867153e-05,6.867622644741279e-07,1.296499422794123e-06,1.467399630285185e-06,0.0,9.785749892553835e-06,4.576020023484131e-06,0.0,0.0,1.8074166787281684e-06,2.0574010365862526e-07,2.3440989397774673e-07,1.8547819343071686e-07,0.0001392364683056801,0.0,0.0,7.168346004869871e-07,0.00014221816007535876,0.0,0.0002371047575575087,0.0001196186784141209,0.0,,,0.0,,5.276419891036858e-09,
65,Hospitals,12380.994884921533,0.0,8.63790340808479,,0.0,0.0,7.074468463474975,1.2385244353470728,61.41803050503184,2.5381743458580384,0.07985965655714226,3.2153316769244084e-05,0.07767426930330937,0.3347252438523176,0.001509195470780988,0.1045598352177693,0.007719244125666845,0.002091756345634181,6.714228676820775e-05,5.229064644458813e-05,0.0009550320974203196,0.01772412636943586,4.642424984107585e-05,0.0005388780651753168,3.4239094270803994e-12,0.0,,0.00528680994967898,1.0000409229049726e-05,4.531231718004045e-05,5.756677668300708e-05,7.620461956562841e-06,0.0002633834411134168,0.00032213696558618457,0.004857508170140476,4.541951287385347e-05,0.0001024874479363977,1.4902729942459828e-05,2.6018413630858505e-05,4.105403265673406e-06,0.0006314392569388226,0.002384593009832675,2.0389066225458418e-06,0.00012825910460511112,0.0005649770609480455,0.0009536387202012174,0.009766173583027562,0.009429495272912427,0.0004961464989902376,,,0.0,,1.823641470158401e-06,
66,Nursing and residential care facilities,6260.805910200779,0.0,0.0,,0.0,0.0,1.5392747389901342,2.6737117029436077,28.158457916820606,1.0888088218644887,0.007136182685422575,0.0,0.03689428548280157,0.16242432301342483,0.0007274774369087054,0.038115852305526866,0.0036719085267601587,0.0,3.0128382378713285e-07,4.3229455639618106e-05,0.0009803964271320486,0.02768195082607278,0.0,0.0028635586702404525,0.0,0.0,,0.0003603556772203585,3.0040587957842825e-06,8.132142977787021e-05,1.0228371240117e-05,0.0,0.00016671055765940488,8.86025955266631e-05,0.0,0.0,0.00018609062586991815,1.3937721685562834e-05,2.490015615969717e-06,4.1039621628212024e-06,0.003377745452153071,0.0,0.0,0.0007464884633791646,0.02827792746473525,0.0,0.03423571519578477,0.0014416926712320164,0.0,,,0.0,,0.0,
67,Social assistance,19682.64627390139,0.0,0.0,,0.0,0.0,1.6623807752612043,0.022878864031603538,36.93861765926228,1.382588373128667,0.011679337885175238,2.861213712295697e-05,0.04875941314240436,0.20811348766262325,9.639406195611029e-05,0.05004423644580011,0.004914281724750957,2.1547433832236313e-07,9.91719528387475e-06,2.2144596975131802e-07,0.00013683553254138507,0.0002702737042348763,0.0,2.0053925278968054e-05,0.0,0.0,,0.001385907563595382,3.4884836739076913e-07,3.001399949313473e-06,4.819168353384103e-06,1.1652208305300577e-07,7.957240391776672e-06,0.0007983324558343011,0.0006519316878385804,4.864444105266751e-05,7.33913942714845e-07,3.183286556445847e-07,4.496600597095121e-08,3.549060586371532e-08,0.005905398627461646,0.0,0.0,0.0015422862972041466,0.005944592376406569,0.002797540624748514,0.07218060976113451,0.0007680148033842436,0.0030516782683298574,,,0.0,,1.997210409282987e-12,
68,"Performing arts, spectator sports, museums, and related activities",3769.6303500478743,0.0,0.0,,0.0,0.0,1.379088345337851,0.2959780419223667,18.70920794426471,0.8058942071410328,0.013124753604398095,2.7126543015485297e-05,0.02452729984011507,0.11276147280288241,0.0026908414056677557,0.026382333429755093,0.0025621494195860834,5.256620577747595e-06,0.0004498903643922656,1.9983654553052108e-05,0.00069287710258945,0.00590418614913309,3.9853054168014625e-06,0.0006185279961383628,2.939266618866897e-13,0.0,,0.0036381976111646668,1.2889404882839529e-05,1.3528288397849726e-05,2.2450050210922375e-05,7.55628706582395e-07,3.8420444486564086e-05,0.0007444330696997162,0.0012846469613481042,0.00022140140326939607,5.788299463025422e-06,1.3050588082528602e-06,5.391263264722077e-07,4.787965207838257e-07,0.05012052591904626,0.0002047061928084098,1.7503062806617043e-07,0.002172032204508054,0.20037438981285402,0.01825495058908077,0.3727864438133562,0.0032626051127626655,0.00234005764921527,,,0.0,,3.9301963583150546e-07,
69,"Amusements, gambling, and recreation industries",18310.055149886113,0.0,7.324022059954444,,0.0,0.0,17.963061437834934,0.3721925242571651,82.18566936294879,14.746743140710318,77.50085346058503,0.00015324544127264672,0.15349614991926797,0.5657761593824066,0.4681893489323385,0.3229709748642256,0.02684029576853565,1.413437457446272e-07,0.028596770988040036,1.5938394687602588e-06,0.005617402045891704,0.0018962820818015595,0.2182055854021442,0.00014573754581407344,0.0,0.0,,0.00645570050709897,1.4345628340358283e-06,5.962332445359016e-05,5.0584320764951935e-05,1.392732733585893e-07,0.00021021617972603456,0.0005742816221078266,0.003709249515761312,3.379672081016768e-05,2.7635384875613976e-05,2.8514589389424593e-06,9.206241350455087e-05,3.570700202860257e-07,42.34187654492781,0.0,0.0,4.471274220359618,3.8581658395993834,0.004888379435540675,10.463330985799283,0.027729986305737014,0.15191365549394223,,,1.0936420598894403,,9.47416587122878e-09,
70,Accommodation,14926.829828398868,0.0,0.0,,0.0,0.0,8.861755784022057,3.261398202646436,59.08602090299798,2.515929389323905,0.09002903062583524,1.901362415189423e-05,0.0754943618747569,0.32111623661267535,0.003164699396675635,0.09526300185329417,0.008419708366909237,6.360855829773353e-05,0.0012509832363233142,0.00023066605361294457,0.0027416967140100374,0.07122370275173952,0.0,0.007528729033518797,0.0,0.0,,0.008925872513681054,0.00014149103863294045,0.00015753759438220092,0.0002554331175521606,9.937601177362704e-08,0.0004191267020588937,0.0012279184484378064,0.004100891687010569,0.002235505236012106,6.563973206889595e-05,1.5310380849346462e-05,5.8222750135005186e-06,5.1970376069925666e-06,3.3596492222661154,0.0,0.0,0.004868219714080091,15.00092958589365,0.0005714866730351966,21.464558423303412,0.003036568879897484,0.1521695269053093,,,0.0,,3.585922855731432e-06,
71,Food services and drinking places,27994.675522498663,0.0,0.0,,0.0,0.0,5.077609946496041,0.5818208225490807,102.84862717472559,102.77209840779882,0.031384895174960535,6.425191155312522e-06,2.03112856015675,7.261095313454979,0.0014791858226644917,2.1266997653275137,0.6548466045675332,2.1243747067796056e-05,0.07558700590182811,0.00010183936442915596,0.0003947615123132781,0.009677399667629124,0.0,0.001005592970511369,0.0,0.0,,0.001634609914018418,2.1406169111897142e-05,3.108337290602804e-05,3.5296214503069626e-05,4.24256014434003e-06,0.00022404145989605333,0.00020626848195814235,0.0005939884023606963,0.0003018704623650162,2.539877682555844e-05,2.1540238156080377e-06,5.410575431079519e-06,3.6055730294693936e-06,0.19810411186455992,0.0,0.0,0.0005377539449277778,0.9072352284043943,0.0015872973236114836,1.8329208695358277,0.16293704892279637,0.03345529597089821,,,0.0,,4.819048425876796e-07,
72,"Other services, except government",21127.24337045292,0.0,0.0,,0.0,0.0,11.054209799565086,0.6366002432859511,62.44281664457622,28.497102184764387,0.05931119741130803,0.0008545044462439037,0.15245793550749295,1.9142098258979758,0.02839940477999385,0.12205550992775178,0.04777933632525638,0.0004444910428674104,0.0144502967486757,0.009527030668011681,0.0004945549948635354,0.010853196017394826,7.469600623485892e-05,0.00020210091882782804,3.534901591702427e-12,0.0,,0.0021449536143944787,0.0002469636909491125,3.70605505947572e-05,0.00011477117916669754,1.0955489820368528e-05,0.00071432619953557,0.0008996098694187167,0.00012608178485092403,0.00010749533389273414,6.215135023859035e-05,3.0552251514608082e-06,1.3998396089107412e-05,1.0824547497682167e-05,0.011431795136718405,0.0,0.0,0.000479833938969526,0.07732330114075456,0.01514169705606479,3.2918567306239686,0.10313545281213499,0.10579428525866545,,,0.0,,1.909744811182204e-09,
